-- MySQL dump 10.13  Distrib 5.5.38, for debian-linux-gnu (x86_64)
--
-- Host: localhost    Database: nconf
-- ------------------------------------------------------
-- Server version	5.5.38-0+wheezy1

/*!40101 SET @OLD_CHARACTER_SET_CLIENT=@@CHARACTER_SET_CLIENT */;
/*!40101 SET @OLD_CHARACTER_SET_RESULTS=@@CHARACTER_SET_RESULTS */;
/*!40101 SET @OLD_COLLATION_CONNECTION=@@COLLATION_CONNECTION */;
/*!40101 SET NAMES utf8 */;
/*!40103 SET @OLD_TIME_ZONE=@@TIME_ZONE */;
/*!40103 SET TIME_ZONE='+00:00' */;
/*!40014 SET @OLD_UNIQUE_CHECKS=@@UNIQUE_CHECKS, UNIQUE_CHECKS=0 */;
/*!40014 SET @OLD_FOREIGN_KEY_CHECKS=@@FOREIGN_KEY_CHECKS, FOREIGN_KEY_CHECKS=0 */;
/*!40101 SET @OLD_SQL_MODE=@@SQL_MODE, SQL_MODE='NO_AUTO_VALUE_ON_ZERO' */;
/*!40111 SET @OLD_SQL_NOTES=@@SQL_NOTES, SQL_NOTES=0 */;

--
-- Table structure for table `ConfigAttrs`
--

DROP TABLE IF EXISTS `ConfigAttrs`;
/*!40101 SET @saved_cs_client     = @@character_set_client */;
/*!40101 SET character_set_client = utf8 */;
CREATE TABLE `ConfigAttrs` (
  `id_attr` int(10) unsigned NOT NULL AUTO_INCREMENT,
  `attr_name` varchar(60) NOT NULL DEFAULT '',
  `friendly_name` varchar(80) NOT NULL DEFAULT '',
  `description` varchar(250) DEFAULT NULL,
  `datatype` enum('text','password','select','assign_one','assign_many','assign_cust_order') NOT NULL DEFAULT 'text',
  `max_length` int(11) DEFAULT NULL,
  `poss_values` text,
  `predef_value` varchar(1024) DEFAULT NULL,
  `mandatory` enum('yes','no') NOT NULL DEFAULT 'no',
  `ordering` int(11) NOT NULL DEFAULT '0',
  `visible` enum('yes','no') NOT NULL DEFAULT 'yes',
  `write_to_conf` enum('yes','no') NOT NULL DEFAULT 'yes',
  `naming_attr` enum('yes','no') NOT NULL DEFAULT 'no',
  `link_as_child` enum('yes','no') NOT NULL DEFAULT 'no',
  `link_bidirectional` enum('yes','no') NOT NULL DEFAULT 'no',
  `fk_show_class_items` int(10) unsigned DEFAULT NULL,
  `fk_id_class` int(10) unsigned NOT NULL DEFAULT '0',
  PRIMARY KEY (`id_attr`),
  KEY `fk_show_class_items` (`fk_show_class_items`),
  KEY `fk_id_class` (`fk_id_class`),
  CONSTRAINT `ConfigAttrs_ibfk_1` FOREIGN KEY (`fk_show_class_items`) REFERENCES `ConfigClasses` (`id_class`) ON DELETE CASCADE ON UPDATE CASCADE,
  CONSTRAINT `ConfigAttrs_ibfk_2` FOREIGN KEY (`fk_id_class`) REFERENCES `ConfigClasses` (`id_class`) ON DELETE CASCADE ON UPDATE CASCADE
) ENGINE=InnoDB AUTO_INCREMENT=232 DEFAULT CHARSET=latin1;
/*!40101 SET character_set_client = @saved_cs_client */;

--
-- Dumping data for table `ConfigAttrs`
--

LOCK TABLES `ConfigAttrs` WRITE;
/*!40000 ALTER TABLE `ConfigAttrs` DISABLE KEYS */;
INSERT INTO `ConfigAttrs` VALUES (1,'server_name','server name',NULL,'text',255,'','','yes',1,'yes','no','yes','no','no',NULL,10),(6,'server_name','server name',NULL,'text',255,'','','yes',1,'yes','no','yes','no','no',NULL,11),(12,'icon_image_alt','OS description',NULL,'text',255,'','','yes',1,'yes','yes','yes','no','no',NULL,9),(13,'icon_image','icon image','img/logos/...','text',255,'','base/linux40.gif','no',2,'yes','yes','no','no','no',NULL,9),(14,'statusmap_image','statusmap image','img/logos/...','text',255,'','base/linux40.gd2','no',3,'yes','yes','no','no','no',NULL,9),(15,'host_name','hostname',NULL,'text',255,'','','yes',1,'yes','yes','yes','no','no',NULL,1),(16,'alias','alias','alias or FQDN','text',255,'','','no',2,'yes','yes','no','no','no',NULL,1),(17,'address','address','IP-address / DNS name','text',255,'','','yes',3,'yes','yes','no','no','no',NULL,1),(18,'os','OS','','assign_one',0,'','Linux','yes',4,'yes','no','no','no','no',9,1),(19,'check_period','check period','time period to run checks','assign_one',0,'','24x7','no',8,'yes','yes','no','no','no',7,1),(20,'notification_period','notification period','time period to alarm','assign_one',0,'','24x7','no',9,'yes','yes','no','no','no',7,1),(22,'contact_groups','contact groups','responsible group','assign_many',0,'','','no',12,'yes','yes','no','no','no',6,1),(23,'parents','parent hosts','','assign_many',0,'','','no',14,'yes','yes','no','no','no',1,1),(24,'notes','notes',NULL,'text',1024,'','','no',15,'yes','yes','no','no','no',NULL,1),(25,'notes_url','notes URL',NULL,'text',1024,'','','no',16,'yes','yes','no','no','no',NULL,1),(26,'monitored_by','monitored by','monitoring server (empty = not monitored)','assign_one',0,'','','no',6,'yes','no','no','no','no',10,1),(27,'hostgroup_name','hostgroup name',NULL,'text',255,'','','yes',1,'yes','yes','yes','no','no',NULL,2),(28,'alias','alias',NULL,'text',255,'','','yes',2,'yes','yes','no','no','no',NULL,2),(29,'members','assign host to hostgroup',NULL,'assign_many',0,'','','no',3,'yes','yes','no','yes','yes',1,2),(30,'command_name','check command name',NULL,'text',255,'','','yes',1,'yes','yes','yes','no','no',NULL,8),(31,'command_line','check command line',NULL,'text',1024,'','','yes',3,'yes','yes','no','no','no',NULL,8),(32,'timeperiod_name','timeperiod name',NULL,'text',255,'','','yes',1,'yes','yes','yes','no','no',NULL,7),(33,'alias','alias',NULL,'text',255,'','','yes',2,'yes','yes','no','no','no',NULL,7),(34,'sunday','sunday timeperiod','00:00-24:00','text',255,'','','no',3,'yes','yes','no','no','no',NULL,7),(35,'monday','monday timeperiod','00:00-24:00','text',255,'','','no',4,'yes','yes','no','no','no',NULL,7),(36,'tuesday','tuesday timeperiod','00:00-24:00','text',255,'','','no',5,'yes','yes','no','no','no',NULL,7),(37,'wednesday','wednesday timeperiod','00:00-24:00','text',255,'','','no',6,'yes','yes','no','no','no',NULL,7),(38,'thursday','thursday timeperiod','00:00-24:00','text',255,'','','no',7,'yes','yes','no','no','no',NULL,7),(39,'friday','friday timeperiod','00:00-24:00','text',255,'','','no',8,'yes','yes','no','no','no',NULL,7),(40,'saturday','saturday timeperiod','00:00-24:00','text',255,'','','no',9,'yes','yes','no','no','no',NULL,7),(47,'contact_name','contact name','username','text',255,'','','yes',1,'yes','yes','yes','no','no',NULL,5),(48,'alias','alias','firstname lastname','text',255,'','','yes',2,'yes','yes','no','no','no',NULL,5),(49,'host_notification_period','host notification period','host alarming timeperiod','assign_one',0,'','','no',3,'yes','yes','no','no','no',7,5),(50,'service_notification_period','service notification period','service alarming timeperiod','assign_one',0,'','','no',4,'yes','yes','no','no','no',7,5),(51,'host_notification_options','host notification options','possible values: d,u,r,f,[n]','text',20,'','d','no',5,'yes','yes','no','no','no',NULL,5),(52,'service_notification_options','service notification options','possible values: w,u,c,r,f,[n]','text',20,'','c','no',6,'yes','yes','no','no','no',NULL,5),(53,'host_notification_commands','host notification commands','default: notify-host-by-email','assign_many',0,'','notify-host-by-email','no',9,'yes','yes','no','no','no',13,5),(54,'service_notification_commands','service notification commands','default: notify-service-by-email','assign_many',0,'','notify-service-by-email','no',10,'yes','yes','no','no','no',13,5),(55,'email','e-mail address',NULL,'text',255,'','','yes',7,'yes','yes','no','no','no',NULL,5),(56,'pager','pager / phone nr.','(country code) + (prefix) + (number)','text',255,'','','no',8,'yes','yes','no','no','no',NULL,5),(57,'contactgroup_name','contactgroup name',NULL,'text',255,'','','yes',1,'yes','yes','yes','no','no',NULL,6),(58,'alias','alias',NULL,'text',255,'','','yes',2,'yes','yes','no','no','no',NULL,6),(59,'members','assign contact to contactgroup',NULL,'assign_many',0,'','','no',3,'yes','yes','no','yes','yes',5,6),(60,'service_description','service name',NULL,'text',255,'','','yes',1,'yes','yes','yes','no','no',NULL,3),(61,'check_command','check command',NULL,'assign_one',0,'','','yes',3,'yes','yes','no','no','no',8,3),(62,'host_name','assigned to host',NULL,'assign_one',0,'','','yes',4,'yes','yes','no','no','no',1,3),(63,'check_period','check period','time period to run checks','assign_one',0,'','24x7','no',5,'yes','yes','no','no','no',7,3),(64,'notification_period','notification period','time period to alarm','assign_one',0,'','','no',6,'yes','yes','no','no','no',7,3),(65,'contact_groups','contact groups','responsible group','assign_many',0,'','','no',8,'yes','yes','no','no','no',6,3),(67,'notes','notes',NULL,'text',1024,'','','no',9,'yes','yes','no','no','no',NULL,3),(68,'notes_url','notes URL',NULL,'text',1024,'','','no',10,'yes','yes','no','no','no',NULL,3),(69,'event_handler_enabled','event-handler enabled',NULL,'select',0,'0::1','0','no',23,'no','yes','no','no','no',NULL,3),(70,'servicegroup_name','servicegroup name',NULL,'text',255,'','','yes',1,'yes','yes','yes','no','no',NULL,4),(71,'alias','alias',NULL,'text',255,'','','yes',2,'yes','yes','no','no','no',NULL,4),(72,'members','assign service to servicegroup',NULL,'assign_many',0,'','','no',3,'yes','yes','no','yes','yes',3,4),(73,'template_name','host preset name',NULL,'text',255,'','','yes',1,'yes','no','yes','no','no',NULL,12),(74,'command_name','host preset commands','auto-create services for a new host based on these checkcommands','assign_many',0,'','','no',3,'yes','no','no','yes','no',8,12),(75,'host-preset','host preset','predefined services / host-alive check','assign_one',0,'','linux-server','yes',5,'yes','no','no','no','no',12,1),(79,'check_params','params for check command',NULL,'text',1024,'','!','no',24,'yes','no','no','no','no',NULL,3),(81,'hostalive_check','host-alive check','','assign_one',0,'','check-host-alive','yes',2,'yes','yes','no','no','no',13,12),(86,'command_syntax','params description','short description of each parameter (comma separated, same order)','text',1024,'','','no',5,'yes','no','no','no','no',NULL,8),(87,'default_params','default command params','separated by \"!\"','text',1024,'','!','no',4,'yes','no','no','no','no',NULL,8),(91,'collector_check_freshness','check freshness (of collectors)','value is applied to \"check_ssh\" service on \"host is collector\" flagged hosts','select',0,'0::1','1','yes',2,'yes','no','no','no','no',NULL,11),(92,'collector_freshness_threshold','freshness threshold (of collectors)','value is applied to \"check_ssh\" service on \"host is collector\" flagged hosts; sets the time until service becomes \"stale\" (useful to verify connection between collectors and monitors)','text',5,'','900','yes',3,'yes','no','no','no','no',NULL,11),(93,'host_is_collector','host is collector','is this host a collector itself?','select',0,'no::yes','no','yes',7,'yes','no','no','no','no',NULL,1),(94,'command_param_count','amount of params','','select',0,'0::1::2::3::4::5::6::7::8::9::10','1','yes',6,'yes','no','no','no','no',NULL,8),(95,'user_password','user password','password for NConf & Nagios GUI','password',255,'','','no',11,'no','no','no','no','no',NULL,5),(96,'nc_permission','nconf permissions','defines the permissions in NConf','select',0,'no access::user::admin','user','no',12,'no','no','no','no','no',NULL,5),(97,'nagios_access','nagios access','defines access to the Nagios GUI','select',0,'enabled::disabled','enabled','no',13,'no','no','no','no','no',NULL,5),(98,'command_name','misc command name','','text',255,'','','yes',1,'yes','yes','yes','no','no',NULL,13),(99,'command_line','misc command line','','text',1024,'','','yes',2,'yes','yes','no','no','no',NULL,13),(101,'action_url','action URL','PNP URL (if installed)','select',0,'/pnp4nagios/graph?host=$HOSTNAME$','/pnp4nagios/graph?host=$HOSTNAME$','yes',17,'yes','yes','no','no','no',NULL,1),(102,'action_url','action URL','PNP URL (if installed)','select',0,'/pnp4nagios/graph?host=$HOSTNAME$&srv=$SERVICEDESC$','/pnp4nagios/graph?host=$HOSTNAME$&srv=$SERVICEDESC$','yes',11,'yes','yes','no','no','no',NULL,3),(103,'default_service_name','default service name','default name to use for new services','text',255,NULL,NULL,'no',2,'yes','no','no','no','no',NULL,8),(104,'notes','notes',NULL,'text',1024,NULL,NULL,'no',5,'yes','yes','no','no','no',NULL,2),(105,'notes_url','notes URL',NULL,'text',1024,NULL,NULL,'no',6,'yes','yes','no','no','no',NULL,2),(106,'notes','notes',NULL,'text',1024,NULL,NULL,'no',5,'yes','yes','no','no','no',NULL,4),(107,'notes_url','notes URL',NULL,'text',1024,NULL,NULL,'no',6,'yes','yes','no','no','no',NULL,4),(108,'name','template name','','text',255,'','','yes',1,'yes','yes','yes','no','no',NULL,14),(109,'host_name','host name','mandatory if \"register\" = 1','text',255,'','','no',2,'no','no','no','no','no',NULL,14),(110,'register','register','display this template as a host in Nagios','select',0,'0::1','0','yes',3,'no','yes','no','no','no',NULL,14),(111,'check_period','check period','time period to run checks','assign_one',0,'','','no',4,'yes','yes','no','no','no',7,14),(112,'notification_period','notification period','time period to alarm','assign_one',0,'','','no',5,'yes','yes','no','no','no',7,14),(113,'check_command','check command','host-alive check','assign_one',0,'','','no',6,'yes','yes','no','no','no',13,14),(114,'use','parent template(s)','parent template(s) to inherit from','assign_cust_order',0,'','','no',7,'yes','yes','no','no','no',14,14),(115,'contact_groups','contact groups','responsible group','assign_many',0,'','','no',8,'yes','yes','no','no','no',6,14),(116,'notes','notes',NULL,'text',1024,'','','no',9,'yes','yes','no','no','no',NULL,14),(117,'notes_url','notes URL',NULL,'text',1024,'','','no',10,'yes','yes','no','no','no',NULL,14),(118,'action_url','action URL','PNP URL (if installed)','select',0,'/pnp4nagios/graph?host=$HOSTNAME$','/pnp4nagios/graph?host=$HOSTNAME$','yes',11,'yes','yes','no','no','no',NULL,14),(119,'max_check_attempts','max check attempts','number of times to retry checking','text',4,'','','no',12,'yes','yes','no','no','no',NULL,14),(120,'check_interval','check interval','number of [min.] between regularly scheduled checks','text',4,'','','no',13,'yes','yes','no','no','no',NULL,14),(121,'retry_interval','retry interval','number of [min.] to wait before scheduling a re-check','text',4,'','','no',14,'yes','yes','no','no','no',NULL,14),(122,'notification_interval','notification interval','number of [min.] to wait before re-notifying a contact','text',4,'','','no',16,'yes','yes','no','no','no',NULL,14),(123,'notification_options','notification options','possible values: d,u,r,f,s,[n]','text',20,'','','no',17,'yes','yes','no','no','no',NULL,14),(124,'active_checks_enabled','active checking','do active checking of hosts','select',0,'0::1','','no',18,'yes','yes','no','no','no',NULL,14),(125,'passive_checks_enabled','passive checking','do passive checking of hosts','select',0,'0::1','','no',19,'yes','yes','no','no','no',NULL,14),(126,'notifications_enabled','notification enabled','send notifications for hosts','select',0,'0::1','','no',20,'yes','yes','no','no','no',NULL,14),(127,'check_freshness','check freshness','check age of last check results','select',0,'0::1','','no',21,'yes','yes','no','no','no',NULL,14),(128,'freshness_threshold','freshness threshold','age threshold in [sec.]','text',5,'','','no',22,'yes','yes','no','no','no',NULL,14),(129,'name','template name','','text',255,'','','yes',1,'yes','yes','yes','no','no',NULL,15),(130,'service_description','service name','mandatory if \"register\" = 1','text',255,'','','no',2,'no','no','no','no','no',NULL,15),(131,'register','register','display this template as a service in Nagios','select',0,'0::1','0','yes',3,'no','yes','no','no','no',NULL,15),(132,'check_period','check period','time period to run checks','assign_one',0,'','','no',4,'yes','yes','no','no','no',7,15),(133,'notification_period','notification period','time period to alarm','assign_one',0,'','','no',5,'yes','yes','no','no','no',7,15),(134,'use','parent template(s)','parent template(s) to inherit from','assign_cust_order',0,'','','no',6,'yes','yes','no','no','no',15,15),(135,'contact_groups','contact groups','responsible group','assign_many',0,'','','no',7,'yes','yes','no','no','no',6,15),(136,'notes','notes',NULL,'text',1024,'','','no',8,'yes','yes','no','no','no',NULL,15),(137,'notes_url','notes URL',NULL,'text',1024,'','','no',9,'yes','yes','no','no','no',NULL,15),(138,'action_url','action URL','PNP URL (if installed)','select',0,'/pnp4nagios/graph?host=$HOSTNAME$&srv=$SERVICEDESC$','/pnp4nagios/graph?host=$HOSTNAME$&srv=$SERVICEDESC$','yes',10,'yes','yes','no','no','no',NULL,15),(139,'max_check_attempts','max check attempts','number of times to retry checking','text',4,'','','no',11,'yes','yes','no','no','no',NULL,15),(140,'check_interval','check interval','number of [min.] between regularly scheduled checks','text',4,'','','no',12,'yes','yes','no','no','no',NULL,15),(141,'retry_interval','retry interval','number of [min.] to wait before scheduling a re-check','text',4,'','','no',13,'yes','yes','no','no','no',NULL,15),(142,'notification_interval','notification interval','number of [min.] to wait before re-notifying a contact','text',4,'','','no',15,'yes','yes','no','no','no',NULL,15),(143,'notification_options','notification options','possible values: w,u,c,r,f,s,[n]','text',20,'','','no',16,'yes','yes','no','no','no',NULL,15),(144,'active_checks_enabled','active checking','do active checking of services','select',0,'0::1','','no',17,'yes','yes','no','no','no',NULL,15),(145,'passive_checks_enabled','passive checking','do passive checking of services','select',0,'0::1','','no',18,'yes','yes','no','no','no',NULL,15),(146,'notifications_enabled','notification enabled','send notifications for services','select',0,'0::1','','no',19,'yes','yes','no','no','no',NULL,15),(147,'check_freshness','check freshness','check age of last check results','select',0,'0::1','','no',20,'yes','yes','no','no','no',NULL,15),(148,'freshness_threshold','freshness threshold','age threshold in [sec.]','text',5,'','','no',21,'yes','yes','no','no','no',NULL,15),(149,'use','host template(s)','host template(s) to inherit properties from','assign_cust_order',NULL,NULL,NULL,'no',10,'yes','yes','no','no','no',14,1),(150,'use','service template(s)','service template(s) to inherit properties from','assign_cust_order',NULL,NULL,NULL,'no',7,'yes','yes','no','no','no',15,3),(151,'host_template','host template(s)','add the following template(s) to all hosts monitored by this server','assign_cust_order',NULL,NULL,'Default_collector_server','no',2,'yes','no','no','no','no',14,10),(152,'service_template','service template(s)','add the following template(s) to all services monitored by this server','assign_cust_order',NULL,NULL,'Default_collector_server','no',3,'yes','no','no','no','no',15,10),(153,'stale_service_command','stale service command','\"dummy\" command to run for stale services','assign_one',NULL,NULL,'service_is_stale','no',4,'yes','no','no','no','no',13,11),(154,'host_template','host template(s)','add the following template(s) to all hosts monitored by this server','assign_cust_order',NULL,NULL,'Default_monitor_server','no',5,'yes','no','no','no','no',14,11),(155,'service_template','service template(s)','add the following template(s) to all services monitored by this server','assign_cust_order',NULL,NULL,'Default_monitor_server','no',6,'yes','no','no','no','no',15,11),(156,'host_template','host template(s)','add the following template(s) to all hosts linked with this timeperiod','assign_cust_order',NULL,NULL,'','no',10,'yes','no','no','no','no',14,7),(157,'service_template','service template(s)','add the following template(s) to all services linked with this timeperiod','assign_cust_order',NULL,NULL,'','no',11,'yes','no','no','no','no',15,7),(158,'dependency_name','dependency name','description for the dependency definition','text',1024,'','','yes',1,'yes','no','yes','no','no',NULL,16),(159,'execution_failure_criteria','execution failure criteria','possible values: o,d,u,p,n','text',20,'','','no',2,'yes','yes','no','no','no',NULL,16),(160,'notification_failure_criteria','notification failure criteria','possible values: o,d,u,p,n','text',20,'','','no',3,'yes','yes','no','no','no',NULL,16),(161,'dependency_period','dependency time period','restrict dependency to this time period','assign_one',0,'','','no',4,'yes','yes','no','no','no',7,16),(162,'inherits_parent','inherit dependencies','inherit dependencies from host(s) depended on','select',0,'0::1','0','no',5,'yes','yes','no','no','no',NULL,16),(163,'host_name','master host(s)','host(s) being depended upon','assign_many',0,'','','no',6,'yes','yes','no','no','no',1,16),(164,'hostgroup_name','master hostgroup(s)','hostgroup(s) being depended upon','assign_many',0,'','','no',7,'yes','yes','no','no','no',2,16),(165,'dependent_host_name','dependent host(s)','the dependent host(s)','assign_many',0,'','','no',8,'yes','yes','no','no','no',1,16),(166,'dependent_hostgroup_name','dependent hostgroup(s)','the dependent hostgroup(s)','assign_many',0,'','','no',9,'yes','yes','no','no','no',2,16),(167,'dependency_name','dependency name','description for the dependency definition','text',1024,'','','yes',1,'yes','no','yes','no','no',NULL,17),(168,'execution_failure_criteria','execution failure criteria','possible values: o,w,u,c,p,n','text',20,'','','no',2,'yes','yes','no','no','no',NULL,17),(169,'notification_failure_criteria','notification failure criteria','possible values: o,w,u,c,p,n','text',20,'','','no',3,'yes','yes','no','no','no',NULL,17),(170,'dependency_period','dependency time period','restrict dependency to this time period','assign_one',0,'','','no',4,'yes','yes','no','no','no',7,17),(171,'inherits_parent','inherit dependencies','inherit dependencies from service(s) depended on','select',0,'0::1','0','no',5,'yes','yes','no','no','no',NULL,17),(172,'service_description','master service(s)','service(s) being depended upon','assign_many',0,'','','yes',6,'yes','yes','no','no','no',3,17),(173,'dependent_service_description','dependent service(s)','the dependent service(s)','assign_many',0,'','','yes',7,'yes','yes','no','no','no',3,17),(174,'service_enabled','service enabled','enable / disable this service','select',NULL,'yes::no','yes','yes',2,'yes','no','no','no','no',NULL,3),(175,'hostgroup_members','assign hostgroup to hostgroup','','assign_many',0,'','','no',4,'yes','yes','no','yes','no',2,2),(176,'servicegroup_members','assign servicegroup to servicegroup','','assign_many',0,'','','no',4,'yes','yes','no','yes','no',4,4),(177,'contactgroup_members','assign contactgroup to contactgroup','','assign_many',0,'','','no',4,'yes','yes','no','yes','no',6,6),(178,'service_template','default service template(s)','add the following template(s) to all advanced-/services linked with this checkcommand (linked templates are not visible in the GUI because they are linked when the config is generated)','assign_cust_order',NULL,NULL,'','no',7,'yes','no','no','no','no',15,8),(179,'default_service_dependency','default command to depend upon','make all services using the current command dependent on services on the same host using this command selected here','assign_one',NULL,NULL,'','no',8,'yes','no','no','no','no',8,8),(180,'dependency_execution_failure_criteria','execution_failure_criteria for dependency','the \'execution_failure_criteria\' value to use for the dependency; possible values: o,w,u,c,p,[n]','text',20,'','','no',9,'yes','no','no','no','no',NULL,8),(181,'dependency_notification_failure_criteria','notification_failure_criteria for dependency','the \'notification_failure_criteria\' value to use for the dependency; possible values: o,w,u,c,p,[n]','text',20,'','','no',10,'yes','no','no','no','no',NULL,8),(182,'advanced_service_name','advanced service name','NConf internal service name','text',255,'','','yes',1,'yes','no','yes','no','no',NULL,18),(183,'service_description','service description','Nagios specific service description','text',255,'','','yes',2,'yes','yes','no','no','no',NULL,18),(184,'check_command','check command','','assign_one',0,'','','yes',3,'yes','yes','no','no','no',8,18),(185,'check_period','check period','time period to run checks','assign_one',0,'','','no',4,'yes','yes','no','no','no',7,18),(186,'notification_period','notification period','time period to alarm','assign_one',0,'','','no',5,'yes','yes','no','no','no',7,18),(187,'host_name','assign advanced-service to host','','assign_many',0,'','','no',6,'yes','yes','no','no','no',1,18),(188,'hostgroup_name','assign advanced-service to hostgroup','','assign_many',0,'','','no',7,'yes','yes','no','no','yes',2,18),(189,'servicegroups','assign advanced-service to servicegroup','','assign_many',0,'','','no',8,'yes','yes','no','no','yes',4,18),(190,'use','service template(s)','parent template(s) to inherit from','assign_cust_order',0,'','','no',9,'yes','yes','no','no','no',15,18),(191,'contact_groups','contact groups','responsible group','assign_many',0,'','','no',10,'yes','yes','no','no','no',6,18),(192,'notes','notes','','text',1024,'','','no',11,'yes','yes','no','no','no',NULL,18),(193,'notes_url','notes URL','','text',1024,'','','no',12,'yes','yes','no','no','no',NULL,18),(194,'action_url','action URL','PNP URL (if installed)','select',0,'/pnp4nagios/graph?host=$HOSTNAME$&srv=$SERVICEDESC$','/pnp4nagios/graph?host=$HOSTNAME$&srv=$SERVICEDESC$','yes',13,'yes','yes','no','no','no',NULL,18),(195,'max_check_attempts','max check attempts','number of times to retry checking','text',4,'','','no',14,'yes','yes','no','no','no',NULL,18),(196,'check_interval','check interval','number of [min.] between regularly scheduled checks','text',4,'','','no',15,'yes','yes','no','no','no',NULL,18),(197,'retry_interval','retry interval','number of [min.] to wait before scheduling a re-check','text',4,'','','no',16,'yes','yes','no','no','no',NULL,18),(198,'first_notification_delay','first notification delay','number of [min.] to wait before sending the first notification','text',4,'','','no',17,'yes','yes','no','no','no',NULL,18),(199,'notification_interval','notification interval','number of [min.] to wait before re-notifying a contact','text',4,'','','no',18,'yes','yes','no','no','no',NULL,18),(200,'notification_options','notification options','possible values: w,u,c,r,f,s,[n]','text',20,'','','no',19,'yes','yes','no','no','no',NULL,18),(201,'active_checks_enabled','active checking','do active checking of services','select',0,'0::1','','no',20,'yes','yes','no','no','no',NULL,18),(202,'passive_checks_enabled','passive checking','do passive checking of services','select',0,'0::1','','no',21,'yes','yes','no','no','no',NULL,18),(203,'notifications_enabled','notification enabled','send notifications for services','select',0,'0::1','','no',22,'yes','yes','no','no','no',NULL,18),(204,'check_freshness','check freshness','check age of last check results','select',0,'0::1','','no',23,'yes','yes','no','no','no',NULL,18),(205,'freshness_threshold','freshness threshold','age threshold in [sec.]','text',5,'','','no',24,'yes','yes','no','no','no',NULL,18),(206,'check_params','params for check command','','text',1024,'','!','no',25,'yes','no','no','no','no',NULL,18),(207,'max_check_attempts','max check attempts','number of times to retry checking','text',4,'','','no',18,'yes','yes','no','no','no',NULL,1),(208,'check_interval','check interval','number of [min.] between regularly scheduled checks','text',4,'','','no',19,'yes','yes','no','no','no',NULL,1),(209,'retry_interval','retry interval','number of [min.] to wait before scheduling a re-check','text',4,'','','no',20,'yes','yes','no','no','no',NULL,1),(210,'first_notification_delay','first notification delay','number of [min.] to wait before sending the first notification','text',4,'','','no',21,'yes','yes','no','no','no',NULL,1),(211,'notification_interval','notification interval','number of [min.] to wait before re-notifying a contact','text',4,'','','no',22,'yes','yes','no','no','no',NULL,1),(212,'notification_options','notification options','possible values: d,u,r,f,s,[n]','text',20,'','','no',23,'yes','yes','no','no','no',NULL,1),(213,'active_checks_enabled','active checking','do active checking of hosts','select',0,'0::1','','no',24,'yes','yes','no','no','no',NULL,1),(214,'passive_checks_enabled','passive checking','do passive checking of hosts','select',0,'0::1','','no',25,'yes','yes','no','no','no',NULL,1),(215,'notifications_enabled','notification enabled','send notifications for hosts','select',0,'0::1','','no',26,'yes','yes','no','no','no',NULL,1),(216,'check_freshness','check freshness','check age of last check results','select',0,'0::1','','no',27,'yes','yes','no','no','no',NULL,1),(217,'freshness_threshold','freshness threshold','age threshold in [sec.]','text',5,'','','no',28,'yes','yes','no','no','no',NULL,1),(218,'max_check_attempts','max check attempts','number of times to retry checking','text',4,'','','no',12,'yes','yes','no','no','no',NULL,3),(219,'check_interval','check interval','number of [min.] between regularly scheduled checks','text',4,'','','no',13,'yes','yes','no','no','no',NULL,3),(220,'retry_interval','retry interval','number of [min.] to wait before scheduling a re-check','text',4,'','','no',14,'yes','yes','no','no','no',NULL,3),(221,'first_notification_delay','first notification delay','number of [min.] to wait before sending the first notification','text',4,'','','no',15,'yes','yes','no','no','no',NULL,3),(222,'notification_interval','notification interval','number of [min.] to wait before re-notifying a contact','text',4,'','','no',16,'yes','yes','no','no','no',NULL,3),(223,'notification_options','notification options','possible values: w,u,c,r,f,s,[n]','text',20,'','','no',17,'yes','yes','no','no','no',NULL,3),(224,'active_checks_enabled','active checking','do active checking of services','select',0,'0::1','','no',18,'yes','yes','no','no','no',NULL,3),(225,'passive_checks_enabled','passive checking','do passive checking of services','select',0,'0::1','','no',19,'yes','yes','no','no','no',NULL,3),(226,'notifications_enabled','notification enabled','send notifications for services','select',0,'0::1','','no',20,'yes','yes','no','no','no',NULL,3),(227,'check_freshness','check freshness','check age of last check results','select',0,'0::1','','no',21,'yes','yes','no','no','no',NULL,3),(228,'freshness_threshold','freshness threshold','age threshold in [sec.]','text',5,'','','no',22,'yes','yes','no','no','no',NULL,3),(229,'first_notification_delay','first notification delay','number of [min.] to wait before sending the first notification','text',4,'','','no',15,'yes','yes','no','no','no',NULL,14),(230,'first_notification_delay','first notification delay','number of [min.] to wait before sending the first notification','text',4,'','','no',14,'yes','yes','no','no','no',NULL,15),(231,'register','register','','select',1,'0::1','0','yes',26,'yes','yes','no','no','no',NULL,18);
/*!40000 ALTER TABLE `ConfigAttrs` ENABLE KEYS */;
UNLOCK TABLES;

--
-- Table structure for table `ConfigClasses`
--

DROP TABLE IF EXISTS `ConfigClasses`;
/*!40101 SET @saved_cs_client     = @@character_set_client */;
/*!40101 SET character_set_client = utf8 */;
CREATE TABLE `ConfigClasses` (
  `id_class` int(10) unsigned NOT NULL AUTO_INCREMENT,
  `config_class` varchar(50) NOT NULL DEFAULT '',
  `friendly_name` varchar(80) NOT NULL,
  `nav_visible` enum('yes','no') NOT NULL DEFAULT 'yes',
  `ordering` int(11) NOT NULL DEFAULT '0',
  `grouping` varchar(30) NOT NULL,
  `nav_links` varchar(512) NOT NULL,
  `nav_privs` enum('user','admin') NOT NULL DEFAULT 'admin',
  `class_type` enum('global','monitor','collector') NOT NULL DEFAULT 'global',
  `out_file` varchar(50) DEFAULT NULL,
  `nagios_object` varchar(50) DEFAULT NULL,
  PRIMARY KEY (`id_class`)
) ENGINE=InnoDB AUTO_INCREMENT=19 DEFAULT CHARSET=latin1;
/*!40101 SET character_set_client = @saved_cs_client */;

--
-- Dumping data for table `ConfigClasses`
--

LOCK TABLES `ConfigClasses` WRITE;
/*!40000 ALTER TABLE `ConfigClasses` DISABLE KEYS */;
INSERT INTO `ConfigClasses` VALUES (1,'host','Hosts','yes',1,'','Show::overview.php?class=host;;Add::handle_item.php?item=host','user','collector','hosts.cfg','host'),(2,'hostgroup','Hostgroups','yes',2,'','Show::overview.php?class=hostgroup;;Add::handle_item.php?item=hostgroup','user','collector','hostgroups.cfg','hostgroup'),(3,'service','Services','yes',3,'','Show::overview.php?class=service;;Add::handle_item.php?item=service','user','collector','services.cfg','service'),(4,'servicegroup','Servicegroups','yes',5,'','Show::overview.php?class=servicegroup;;Add::handle_item.php?item=servicegroup','user','collector','servicegroups.cfg','servicegroup'),(5,'contact','Contacts','yes',2,'','Show::overview.php?class=contact;;Add::handle_item.php?item=contact','admin','global','contacts.cfg','contact'),(6,'contactgroup','Contactgroups','yes',3,'','Show::overview.php?class=contactgroup;;Add::handle_item.php?item=contactgroup','admin','global','contactgroups.cfg','contactgroup'),(7,'timeperiod','Timeperiods','yes',6,'','Show::overview.php?class=timeperiod;;Add::handle_item.php?item=timeperiod','admin','global','timeperiods.cfg','timeperiod'),(8,'checkcommand','Checkcommands','yes',4,'','Show::overview.php?class=checkcommand;;Add::handle_item.php?item=checkcommand','admin','global','checkcommands.cfg','command'),(9,'os','OS','yes',1,'','Show::overview.php?class=os;;Add::handle_item.php?item=os','admin','global',NULL,NULL),(10,'nagios-collector','Distrib. collectors','yes',2,'Nagios servers','Show::overview.php?class=nagios-collector;;Add::handle_item.php?item=nagios-collector','admin','global',NULL,NULL),(11,'nagios-monitor','Central monitors','yes',1,'Nagios servers','Show::overview.php?class=nagios-monitor;;Add::handle_item.php?item=nagios-monitor','admin','global',NULL,NULL),(12,'host-preset','Host presets','yes',1,'Advanced Items','Show::overview.php?class=host-preset;;Add::handle_item.php?item=host-preset','admin','global',NULL,NULL),(13,'misccommand','Misccommands','yes',5,'','Show::overview.php?class=misccommand;;Add::handle_item.php?item=misccommand','admin','global','misccommands.cfg','command'),(14,'host-template','Host templates','yes',2,'Advanced Items','Show::overview.php?class=host-template;;Add::handle_item.php?item=host-template','admin','global','host_templates.cfg','host'),(15,'service-template','Service templates','yes',3,'Advanced Items','Show::overview.php?class=service-template;;Add::handle_item.php?item=service-template','admin','global','service_templates.cfg','service'),(16,'host-dependency','Host deps.','yes',4,'Advanced Items','Show::overview.php?class=host-dependency;;Add::handle_item.php?item=host-dependency','admin','collector','host_dependencies.cfg','hostdependency'),(17,'service-dependency','Service deps.','yes',5,'Advanced Items','Show::overview.php?class=service-dependency;;Add::handle_item.php?item=service-dependency','admin','collector','service_dependencies.cfg','servicedependency'),(18,'advanced-service','Advanced Services','yes',4,'','Show::overview.php?class=advanced-service;;Add::handle_item.php?item=advanced-service','user','collector','advanced_services.cfg','service');
/*!40000 ALTER TABLE `ConfigClasses` ENABLE KEYS */;
UNLOCK TABLES;

--
-- Table structure for table `ConfigItems`
--

DROP TABLE IF EXISTS `ConfigItems`;
/*!40101 SET @saved_cs_client     = @@character_set_client */;
/*!40101 SET character_set_client = utf8 */;
CREATE TABLE `ConfigItems` (
  `id_item` int(10) unsigned NOT NULL AUTO_INCREMENT,
  `fk_id_class` int(10) unsigned NOT NULL DEFAULT '0',
  PRIMARY KEY (`id_item`),
  KEY `fk_id_class` (`fk_id_class`),
  CONSTRAINT `ConfigItems_ibfk_1` FOREIGN KEY (`fk_id_class`) REFERENCES `ConfigClasses` (`id_class`) ON DELETE CASCADE ON UPDATE CASCADE
) ENGINE=InnoDB AUTO_INCREMENT=5432 DEFAULT CHARSET=latin1;
/*!40101 SET character_set_client = @saved_cs_client */;

--
-- Dumping data for table `ConfigItems`
--

LOCK TABLES `ConfigItems` WRITE;
/*!40000 ALTER TABLE `ConfigItems` DISABLE KEYS */;
INSERT INTO `ConfigItems` VALUES (5389,1),(5397,1),(5400,1),(5402,1),(5344,2),(5345,2),(5346,2),(5347,2),(5390,3),(5392,3),(5393,3),(5394,3),(5396,3),(5401,3),(5403,3),(5404,3),(5406,3),(5407,3),(5408,3),(5409,3),(5426,3),(5275,4),(5333,5),(5334,6),(5305,7),(5306,7),(5307,7),(5308,8),(5309,8),(5310,8),(5311,8),(5312,8),(5313,8),(5314,8),(5315,8),(5316,8),(5317,8),(5318,8),(5319,8),(5320,8),(5321,8),(5322,8),(5323,8),(5324,8),(5325,8),(5326,8),(5373,8),(5376,8),(5380,8),(5391,8),(5395,8),(5,9),(7,9),(2528,9),(5254,9),(5255,9),(5256,9),(5257,9),(5277,9),(1,10),(5231,12),(5258,12),(5259,12),(5276,12),(5388,12),(5296,13),(5327,13),(5328,13),(5331,13),(5371,13),(5372,13),(5387,13),(5297,14),(5298,14),(5335,14),(5336,14),(5337,14),(5338,14),(5339,14),(5301,15),(5302,15),(5348,15),(5349,15);
/*!40000 ALTER TABLE `ConfigItems` ENABLE KEYS */;
UNLOCK TABLES;

--
-- Table structure for table `ConfigValues`
--

DROP TABLE IF EXISTS `ConfigValues`;
/*!40101 SET @saved_cs_client     = @@character_set_client */;
/*!40101 SET character_set_client = utf8 */;
CREATE TABLE `ConfigValues` (
  `attr_value` varchar(1024) DEFAULT NULL,
  `fk_id_attr` int(10) unsigned NOT NULL DEFAULT '0',
  `fk_id_item` int(10) unsigned NOT NULL DEFAULT '0',
  PRIMARY KEY (`fk_id_attr`,`fk_id_item`),
  KEY `fk_id_item` (`fk_id_item`),
  CONSTRAINT `ConfigValues_ibfk_1` FOREIGN KEY (`fk_id_attr`) REFERENCES `ConfigAttrs` (`id_attr`) ON DELETE CASCADE ON UPDATE CASCADE,
  CONSTRAINT `ConfigValues_ibfk_2` FOREIGN KEY (`fk_id_item`) REFERENCES `ConfigItems` (`id_item`) ON DELETE CASCADE ON UPDATE CASCADE
) ENGINE=InnoDB DEFAULT CHARSET=latin1;
/*!40101 SET character_set_client = @saved_cs_client */;

--
-- Dumping data for table `ConfigValues`
--

LOCK TABLES `ConfigValues` WRITE;
/*!40000 ALTER TABLE `ConfigValues` DISABLE KEYS */;
INSERT INTO `ConfigValues` VALUES ('server',1,1),('Linux',12,5),('Windows Server',12,7),('Sun Solaris',12,2528),('HP Unix',12,5254),('Free BSD',12,5255),('Router',12,5256),('Switch',12,5257),('HP Printer',12,5277),('linux40.gif',13,5),('win40.gif',13,7),('sunlogo.gif',13,2528),('hpux.gif',13,5254),('freebsd40.gif',13,5255),('router40.gif',13,5256),('switch40.gif',13,5257),('hp-printer40.gif',13,5277),('linux40.gd2',14,5),('win40.gd2',14,7),('sunlogo.gd2',14,2528),('hpux.gd2',14,5254),('freebsd40.gd2',14,5255),('router40.gd2',14,5256),('switch40.gd2',14,5257),('hp-printer40.gd2',14,5277),('dmci.co',15,5389),('google.com',15,5397),('dns_server',15,5400),('localhost',15,5402),('',16,5389),('',16,5397),('',16,5400),('localhost',16,5402),('dmci.co',17,5389),('google.com',17,5397),('208.109.255.20',17,5400),('127.0.0.1',17,5402),('',24,5389),('',24,5397),('',24,5400),('',24,5402),('',25,5389),('',25,5397),('',25,5400),('',25,5402),('windows-servers',27,5344),('switches',27,5345),('network-printers',27,5346),('linux-servers',27,5347),('Windows Servers',28,5344),('Network Switches',28,5345),('Network Printers',28,5346),('Linux Servers',28,5347),('check_local_disk',30,5308),('check_local_load',30,5309),('check_local_procs',30,5310),('check_local_users',30,5311),('check_local_swap',30,5312),('check_local_mrtgtraf',30,5313),('check_ftp',30,5314),('check_hpjd',30,5315),('check_snmp',30,5316),('check_http',30,5317),('check_ssh',30,5318),('check_dhcp',30,5319),('check_ping',30,5320),('check_pop',30,5321),('check_imap',30,5322),('check_smtp',30,5323),('check_tcp',30,5324),('check_udp',30,5325),('check_nt',30,5326),('check_nrpe',30,5373),('check_nrpe_diskfree',30,5376),('check_nrpe_mem',30,5380),('check_dns',30,5391),('check_domainexpiration',30,5395),('$USER1$/check_disk -w $ARG1$ -c $ARG2$ -p $ARG3$',31,5308),('$USER1$/check_load -w $ARG1$ -c $ARG2$',31,5309),('$USER1$/check_procs -w $ARG1$ -c $ARG2$ -s $ARG3$',31,5310),('$USER1$/check_users -w $ARG1$ -c $ARG2$',31,5311),('$USER1$/check_swap -w $ARG1$ -c $ARG2$',31,5312),('$USER1$/check_mrtgtraf -F $ARG1$ -a $ARG2$ -w $ARG3$ -c $ARG4$ -e $ARG5$',31,5313),('$USER1$/check_ftp -H $HOSTADDRESS$ $ARG1$',31,5314),('$USER1$/check_hpjd -H $HOSTADDRESS$ $ARG1$',31,5315),('$USER1$/check_snmp -H $HOSTADDRESS$ $ARG1$',31,5316),('$USER1$/check_http -I $HOSTADDRESS$ $ARG1$',31,5317),('$USER1$/check_ssh $ARG1$ $HOSTADDRESS$',31,5318),('$USER1$/check_dhcp $ARG1$',31,5319),('$USER1$/check_ping -H $HOSTADDRESS$ -w $ARG1$ -c $ARG2$ -p 5',31,5320),('$USER1$/check_pop -H $HOSTADDRESS$ $ARG1$',31,5321),('$USER1$/check_imap -H $HOSTADDRESS$ $ARG1$',31,5322),('$USER1$/check_smtp -H $HOSTADDRESS$ $ARG1$',31,5323),('$USER1$/check_tcp -H $HOSTADDRESS$ -p $ARG1$ $ARG2$',31,5324),('$USER1$/check_udp -H $HOSTADDRESS$ -p $ARG1$ $ARG2$',31,5325),('$USER1$/check_nt -H $HOSTADDRESS$ -p 12489 -v $ARG1$ $ARG2$',31,5326),('$USER1$/check_nrpe -H $HOSTADDRESS$ -c $ARG1$ $ARG2$',31,5373),('$USER1$/check_nrpe -H $HOSTADDRESS$ -c check_disk -a $ARG1$ $ARG2$ $ARG3$',31,5376),('$USER1$/check_nrpe -H $HOSTADDRESS$ -c check_mem -a $ARG1$ $ARG2$',31,5380),('$USER1$/check_dns -H $ARG1$ -s $ARG2$ -a $ARG3$ $ARG4$',31,5391),('$USER1$/other/check_expiration.sh -d $ARG1$ -w $ARG2$ -w $ARG3$',31,5395),('24x7',32,5305),('workhours',32,5306),('none',32,5307),('24 Hours A Day, 7 Days A Week',33,5305),('Normal Work Hours',33,5306),('No Time Is A Good Time',33,5307),('00:00-24:00',34,5305),('00:00-24:00',35,5305),('09:00-17:00',35,5306),('00:00-24:00',36,5305),('09:00-17:00',36,5306),('00:00-24:00',37,5305),('09:00-17:00',37,5306),('00:00-24:00',38,5305),('09:00-17:00',38,5306),('00:00-24:00',39,5305),('09:00-17:00',39,5306),('00:00-24:00',40,5305),('nagiosadmin',47,5333),('Nagios Admin',48,5333),('d,u,r,f,s',51,5333),('w,u,c,r,f,s',52,5333),('root@localhost',55,5333),('',56,5333),('admins',57,5334),('Nagios Administrators',58,5334),('check_http',60,5390),('dns dmci.co',60,5392),('dns mail.dmci.co',60,5393),('dns dmci.co mx',60,5394),('check_domainexpiration',60,5396),('check_ping',60,5401),('check_cpu',60,5403),('check_root',60,5404),('check_mem',60,5406),('check_uptime',60,5407),('mysql_nconf',60,5408),('debian_updates',60,5409),('check_nagios',60,5426),('',67,5390),('',67,5392),('',67,5393),('',67,5394),('',67,5396),('',67,5401),('',67,5403),('',67,5404),('',67,5406),('',67,5407),('',67,5408),('',67,5409),('',67,5426),('',68,5390),('',68,5392),('',68,5393),('',68,5394),('',68,5396),('',68,5401),('',68,5403),('',68,5404),('',68,5406),('',68,5407),('',68,5408),('',68,5409),('',68,5426),('0',69,5390),('0',69,5392),('0',69,5393),('0',69,5394),('0',69,5396),('0',69,5401),('0',69,5403),('0',69,5404),('0',69,5406),('0',69,5407),('0',69,5408),('0',69,5409),('0',69,5426),('web-services',70,5275),('Web Services',71,5275),('linux-server',73,5231),('windows-server',73,5258),('generic-switch',73,5259),('generic-printer',73,5276),('http-server',73,5388),('!',79,5390),('!dmci.co!ns40.domaincontrol.com!209.99.17.23!',79,5392),('!mail.dmci.co!ns40.domaincontrol.com!mail.dmci.co.cust.a.hostedemail.com.!-n -q CNAME',79,5393),('!dmci.co!ns40.domaincontrol.com!\'10 ASPMX.L.GOOGLE.COM.,20 ALT1.ASPMX.L.GOOGLE.COM.,30 ALT2.ASPMX.L.GOOGLE.COM.,40 ASPMX2.GOOGLEMAIL.COM.,50 ASPMX3.GOOGLEMAIL.COM.\'!-q MX',79,5394),('!dmci.co!90!30',79,5396),('!3000.0,80%!5000.0,100%',79,5401),('!check_cpu!',79,5403),('!/!10%!5%',79,5404),('!90!95',79,5406),('!check_uptime!',79,5407),('!check_mysql_nconf!',79,5408),('!check_debian_apt!',79,5409),('!check_nagios!',79,5426),('ARG1=% warning threshold, ARG2=% critical threshold, ARG3=path',86,5308),('ARG1=warning LOAD1&#44LOAD5&#44LOAD15, ARG2=critical LOAD1&#44LOAD5&#44LOAD15',86,5309),('ARG1=warning range,ARG2=critical range,ARG3=state',86,5310),('ARG1=warning users,ARG2=critical users',86,5311),('ARG1=warning free [% | bytes],ARG2=critical free [% | bytes]',86,5312),('ARG1=log_file,ARG2=[AVG | MAX],ARG3=warning_pair,ARG4=critical_pair,ARG5=expire minutes',86,5313),('ARG1=Multiple options - see command syntax',86,5314),('ARG1=Multiple options - see command syntax',86,5315),('ARG1=Multiple options - see command syntax',86,5316),('ARG1=Multiple options - see command syntax',86,5317),('ARG1=Multiple options - see command syntax',86,5318),('ARG1=Multiple options - see command syntax',86,5319),('ARG1=warning rta [ms]&#44wpl [%],ARG2=critical rta [ms]&#44wpl [%]',86,5320),('ARG1=Multiple options - see command syntax',86,5321),('ARG1=Multiple options - see command syntax',86,5322),('ARG1=Multiple options - see command syntax',86,5323),('ARG1=TCP port,ARG2=Multiple options - see command syntax',86,5324),('ARG1=UDP port,ARG2=Multiple options - see command syntax',86,5325),('ARG1=Variable,ARG2=Multiple options - see command syntax',86,5326),('ARG1=command,ARG2=arguments',86,5373),('ARG1=mount poing,ARG2=warning,ARG3=critical',86,5376),('ARG1=warning,ARG2=critical',86,5380),('ARG1=domain2check,ARG2=dns.server,ARG3=ip.address',86,5391),('',86,5395),('!10%!5%!/',87,5308),('!5.0,4.0,3.0!10.0,6.0,4.0',87,5309),('!',87,5310),('!',87,5311),('!',87,5312),('!',87,5313),('!',87,5314),('!',87,5315),('!',87,5316),('!',87,5317),('!',87,5318),('!',87,5319),('!3000.0,80%!5000.0,100%',87,5320),('!',87,5321),('!',87,5322),('!',87,5323),('!',87,5324),('!',87,5325),('!',87,5326),('!!',87,5373),('!/!10%!5%',87,5376),('!90!95',87,5380),('!domain.com!dnsserver!ipaddress',87,5391),('!domain!90!30',87,5395),('no',93,5389),('no',93,5397),('no',93,5400),('no',93,5402),('3',94,5308),('2',94,5309),('3',94,5310),('2',94,5311),('2',94,5312),('5',94,5313),('1',94,5314),('1',94,5315),('1',94,5316),('1',94,5317),('1',94,5318),('1',94,5319),('2',94,5320),('1',94,5321),('1',94,5322),('1',94,5323),('2',94,5324),('2',94,5325),('2',94,5326),('2',94,5373),('3',94,5376),('2',94,5380),('4',94,5391),('3',94,5395),('user',96,5333),('enabled',97,5333),('service_is_stale',98,5296),('notify-host-by-email',98,5327),('notify-service-by-email',98,5328),('check-host-alive',98,5331),('process-service-perfdata-file',98,5371),('process-host-perfdata-file',98,5372),('check_http_alive',98,5387),('/usr/lib/nagios/plugins/eventhandlers/stale_service.sh',99,5296),('/usr/bin/printf \"%b\" \"***** Nagios *****\\n\\nNotification Type: $NOTIFICATIONTYPE$\\nHost: $HOSTNAME$\\nState: $HOSTSTATE$\\nAddress: $HOSTADDRESS$\\nInfo: $HOSTOUTPUT$\\n\\nDate/Time: $LONGDATETIME$\\n\" | /bin/mail -s \"** $NOTIFICATIONTYPE$ Host Alert: $HOSTNAME$ is $HOSTSTATE$ **\" $CONTACTEMAIL$',99,5327),('/usr/bin/printf \"%b\" \"***** Nagios *****\\n\\nNotification Type: $NOTIFICATIONTYPE$\\n\\nService: $SERVICEDESC$\\nHost: $HOSTALIAS$\\nAddress: $HOSTADDRESS$\\nState: $SERVICESTATE$\\n\\nDate/Time: $LONGDATETIME$\\n\\nAdditional Info:\\n\\n$SERVICEOUTPUT$\\n\" | /bin/mail -s \"** $NOTIFICATIONTYPE$ Service Alert: $HOSTALIAS$/$SERVICEDESC$ is $SERVICESTATE$ **\" $CONTACTEMAIL$',99,5328),('$USER1$/check_ping -H $HOSTADDRESS$ -4 -w 3000.0,80% -c 5000.0,100% -p 5',99,5331),('/bin/mv /opt/pnp4nagios/var/service-perfdata /opt/pnp4nagios/var/spool/service-perfdata.$TIMET',99,5371),('/bin/mv /opt/pnp4nagios/var/host-perfdata /opt/pnp4nagios/var/spool/host-perfdata.$TIMET$',99,5372),('$USER1$/check_http -H $HOSTADDRESS$',99,5387),('/pnp4nagios/graph?host=$HOSTNAME$',101,5389),('/pnp4nagios/graph?host=$HOSTNAME$',101,5397),('/pnp4nagios/graph?host=$HOSTNAME$',101,5400),('/pnp4nagios/graph?host=$HOSTNAME$',101,5402),('/pnp4nagios/graph?host=$HOSTNAME$&srv=$SERVICEDESC$',102,5390),('/pnp4nagios/graph?host=$HOSTNAME$&srv=$SERVICEDESC$',102,5392),('/pnp4nagios/graph?host=$HOSTNAME$&srv=$SERVICEDESC$',102,5393),('/pnp4nagios/graph?host=$HOSTNAME$&srv=$SERVICEDESC$',102,5394),('/pnp4nagios/graph?host=$HOSTNAME$&srv=$SERVICEDESC$',102,5396),('/pnp4nagios/graph?host=$HOSTNAME$&srv=$SERVICEDESC$',102,5401),('/pnp4nagios/graph?host=$HOSTNAME$&srv=$SERVICEDESC$',102,5403),('/pnp4nagios/graph?host=$HOSTNAME$&srv=$SERVICEDESC$',102,5404),('/pnp4nagios/graph?host=$HOSTNAME$&srv=$SERVICEDESC$',102,5406),('/pnp4nagios/graph?host=$HOSTNAME$&srv=$SERVICEDESC$',102,5407),('/pnp4nagios/graph?host=$HOSTNAME$&srv=$SERVICEDESC$',102,5408),('/pnp4nagios/graph?host=$HOSTNAME$&srv=$SERVICEDESC$',102,5409),('/pnp4nagios/graph?host=$HOSTNAME$&srv=$SERVICEDESC$',102,5426),('',103,5308),('',103,5309),('',103,5310),('',103,5311),('',103,5312),('',103,5313),('',103,5314),('',103,5315),('',103,5316),('',103,5317),('',103,5318),('',103,5319),('',103,5320),('',103,5321),('',103,5322),('',103,5323),('',103,5324),('',103,5325),('',103,5326),('',103,5373),('',103,5376),('',103,5380),('',103,5391),('',103,5395),('',106,5275),('',107,5275),('Default_collector_server',108,5297),('Default_monitor_server',108,5298),('generic-host',108,5335),('linux-server',108,5336),('windows-server',108,5337),('generic-printer',108,5338),('generic-switch',108,5339),('0',110,5297),('0',110,5298),('0',110,5335),('0',110,5336),('0',110,5337),('0',110,5338),('0',110,5339),('',116,5335),('',116,5336),('',116,5337),('',117,5335),('',117,5336),('',117,5337),('/pnp4nagios/graph?host=$HOSTNAME$',118,5335),('/pnp4nagios/graph?host=$HOSTNAME$',118,5336),('/pnp4nagios/graph?host=$HOSTNAME$',118,5337),('3',119,5335),('',119,5336),('',119,5337),('10',119,5338),('10',119,5339),('5',120,5335),('',120,5336),('',120,5337),('5',120,5338),('5',120,5339),('1',121,5335),('',121,5336),('',121,5337),('1',121,5338),('1',121,5339),('60',122,5335),('',122,5336),('',122,5337),('30',122,5338),('30',122,5339),('d,r',123,5335),('',123,5336),('',123,5337),('d,r',123,5338),('d,r',123,5339),('1',124,5297),('0',124,5298),('',124,5335),('',124,5336),('',124,5337),('0',125,5297),('1',125,5298),('',125,5335),('',125,5336),('',125,5337),('1',126,5297),('1',126,5298),('1',126,5335),('',126,5336),('1',126,5337),('0',127,5297),('0',127,5298),('',127,5335),('',127,5336),('',127,5337),('86400',128,5297),('86400',128,5298),('',128,5335),('',128,5336),('',128,5337),('Default_collector_server',129,5301),('Default_monitor_server',129,5302),('generic-service',129,5348),('local-service',129,5349),('0',131,5301),('0',131,5302),('0',131,5348),('0',131,5349),('',136,5348),('',137,5348),('/pnp4nagios/graph?host=$HOSTNAME$&srv=$SERVICEDESC$',138,5348),('3',139,5348),('4',139,5349),('5',140,5348),('5',140,5349),('1',141,5348),('1',141,5349),('60',142,5348),('w,u,c,r',143,5348),('1',144,5301),('0',144,5302),('1',144,5348),('0',145,5301),('1',145,5302),('1',145,5348),('1',146,5301),('1',146,5302),('1',146,5348),('0',147,5301),('0',147,5302),('0',147,5348),('86400',148,5301),('86400',148,5302),('',148,5348),('yes',174,5390),('yes',174,5392),('yes',174,5393),('yes',174,5394),('yes',174,5396),('yes',174,5401),('yes',174,5403),('yes',174,5404),('yes',174,5406),('yes',174,5407),('yes',174,5408),('yes',174,5409),('yes',174,5426),('',180,5308),('',180,5309),('',180,5310),('',180,5311),('',180,5312),('',180,5313),('',180,5314),('',180,5315),('',180,5316),('',180,5317),('',180,5318),('',180,5319),('',180,5320),('',180,5321),('',180,5322),('',180,5323),('',180,5324),('',180,5325),('',180,5326),('',180,5373),('',180,5376),('',180,5380),('',180,5391),('',180,5395),('',181,5308),('',181,5309),('',181,5310),('',181,5311),('',181,5312),('',181,5313),('',181,5314),('',181,5315),('',181,5316),('',181,5317),('',181,5318),('',181,5319),('',181,5320),('',181,5321),('',181,5322),('',181,5323),('',181,5324),('',181,5325),('',181,5326),('',181,5373),('',181,5376),('',181,5380),('',181,5391),('',181,5395),('',207,5389),('',207,5397),('',207,5400),('',207,5402),('',208,5389),('',208,5397),('',208,5400),('',208,5402),('',209,5389),('',209,5397),('',209,5400),('',209,5402),('',210,5389),('',210,5397),('',210,5400),('',210,5402),('',211,5389),('',211,5397),('',211,5400),('',211,5402),('',212,5389),('',212,5397),('',212,5400),('',212,5402),('',213,5389),('',213,5397),('',213,5400),('',213,5402),('',214,5389),('',214,5397),('',214,5400),('',214,5402),('',215,5389),('',215,5397),('',215,5400),('',215,5402),('',216,5389),('',216,5397),('',216,5400),('',216,5402),('',217,5389),('',217,5397),('',217,5400),('',217,5402),('',218,5390),('',218,5392),('',218,5393),('',218,5394),('',218,5396),('',218,5401),('',218,5403),('',218,5404),('',218,5406),('',218,5407),('',218,5408),('',218,5409),('',218,5426),('',219,5390),('',219,5392),('',219,5393),('',219,5394),('',219,5396),('',219,5401),('',219,5403),('',219,5404),('',219,5406),('',219,5407),('',219,5408),('',219,5409),('',219,5426),('',220,5390),('',220,5392),('',220,5393),('',220,5394),('',220,5396),('',220,5401),('',220,5403),('',220,5404),('',220,5406),('',220,5407),('',220,5408),('',220,5409),('',220,5426),('',221,5390),('',221,5392),('',221,5393),('',221,5394),('',221,5396),('',221,5401),('',221,5403),('',221,5404),('',221,5406),('',221,5407),('',221,5408),('',221,5409),('',221,5426),('',222,5390),('',222,5392),('',222,5393),('',222,5394),('',222,5396),('',222,5401),('',222,5403),('',222,5404),('',222,5406),('',222,5407),('',222,5408),('',222,5409),('',222,5426),('',223,5390),('',223,5392),('',223,5393),('',223,5394),('',223,5396),('',223,5401),('',223,5403),('',223,5404),('',223,5406),('',223,5407),('',223,5408),('',223,5409),('',223,5426),('',224,5390),('',224,5392),('',224,5393),('',224,5394),('',224,5396),('',224,5401),('',224,5403),('',224,5404),('',224,5406),('',224,5407),('',224,5408),('',224,5409),('',224,5426),('',225,5390),('',225,5392),('',225,5393),('',225,5394),('',225,5396),('',225,5401),('',225,5403),('',225,5404),('',225,5406),('',225,5407),('',225,5408),('',225,5409),('',225,5426),('',226,5390),('',226,5392),('',226,5393),('',226,5394),('',226,5396),('',226,5401),('',226,5403),('',226,5404),('',226,5406),('',226,5407),('',226,5408),('',226,5409),('',226,5426),('',227,5390),('',227,5392),('',227,5393),('',227,5394),('',227,5396),('',227,5401),('',227,5403),('',227,5404),('',227,5406),('',227,5407),('',227,5408),('',227,5409),('',227,5426),('',228,5390),('',228,5392),('',228,5393),('',228,5394),('',228,5396),('',228,5401),('',228,5403),('',228,5404),('',228,5406),('',228,5407),('',228,5408),('',228,5409),('',228,5426),('',229,5335),('',229,5336),('',229,5337),('',230,5348);
/*!40000 ALTER TABLE `ConfigValues` ENABLE KEYS */;
UNLOCK TABLES;

--
-- Table structure for table `History`
--

DROP TABLE IF EXISTS `History`;
/*!40101 SET @saved_cs_client     = @@character_set_client */;
/*!40101 SET character_set_client = utf8 */;
CREATE TABLE `History` (
  `id_hist` int(10) unsigned NOT NULL AUTO_INCREMENT,
  `timestamp` timestamp NOT NULL DEFAULT CURRENT_TIMESTAMP ON UPDATE CURRENT_TIMESTAMP,
  `user_str` varchar(250) NOT NULL,
  `action` enum('created','added','assigned','unassigned','modified','edited','removed','general','module') NOT NULL,
  `attr_name` varchar(80) NOT NULL,
  `attr_value` varchar(1024) DEFAULT NULL,
  `fk_id_item` int(10) unsigned DEFAULT NULL,
  PRIMARY KEY (`id_hist`),
  KEY `fk_id_item` (`fk_id_item`),
  CONSTRAINT `History_ibfk_1` FOREIGN KEY (`fk_id_item`) REFERENCES `ConfigItems` (`id_item`) ON DELETE SET NULL ON UPDATE CASCADE
) ENGINE=InnoDB AUTO_INCREMENT=1791 DEFAULT CHARSET=latin1;
/*!40101 SET character_set_client = @saved_cs_client */;

--
-- Dumping data for table `History`
--

LOCK TABLES `History` WRITE;
/*!40000 ALTER TABLE `History` DISABLE KEYS */;
INSERT INTO `History` VALUES (1,'2014-09-17 14:40:56','NConf Setup','general','installed','NConf 1.3.0',NULL),(2,'2014-09-17 14:41:19','Administrator','general','config','generating...',NULL),(3,'2014-09-17 14:41:19','Administrator','general','config','generated successfully',NULL),(4,'2014-09-17 14:41:44','Administrator','modified','server name','server',1),(5,'2014-09-17 14:41:44','Administrator','edited','nagios-collector','server',1),(6,'2014-09-17 14:41:54','Administrator','removed','service','hplj2605dn: Printer Status',NULL),(7,'2014-09-17 14:41:54','Administrator','removed','host','hplj2605dn',NULL),(8,'2014-09-17 14:41:54','Administrator','removed','service','linksys-srw224p: Port 1 Bandwidth Usage',NULL),(9,'2014-09-17 14:41:54','Administrator','removed','service','linksys-srw224p: Port 1 Link Status',NULL),(10,'2014-09-17 14:41:54','Administrator','removed','host','linksys-srw224p',NULL),(11,'2014-09-17 14:41:54','Administrator','removed','service','winserver: W3SVC',NULL),(12,'2014-09-17 14:41:54','Administrator','removed','host','winserver',NULL),(13,'2014-09-17 14:42:04','Administrator','removed','advanced-service','C: Drive Space',NULL),(14,'2014-09-17 14:42:04','Administrator','removed','advanced-service','CPU Load',NULL),(15,'2014-09-17 14:42:04','Administrator','removed','advanced-service','Current Load',NULL),(16,'2014-09-17 14:42:04','Administrator','removed','advanced-service','Current Users',NULL),(17,'2014-09-17 14:42:04','Administrator','removed','advanced-service','Explorer',NULL),(18,'2014-09-17 14:42:04','Administrator','removed','advanced-service','HTTP',NULL),(19,'2014-09-17 14:42:04','Administrator','removed','advanced-service','Memory Usage',NULL),(20,'2014-09-17 14:42:04','Administrator','removed','advanced-service','NSClient++ Version',NULL),(21,'2014-09-17 14:42:04','Administrator','removed','advanced-service','PING',NULL),(22,'2014-09-17 14:42:04','Administrator','removed','advanced-service','PING interval 10',NULL),(23,'2014-09-17 14:42:04','Administrator','removed','advanced-service','PING interval 5',NULL),(24,'2014-09-17 14:42:04','Administrator','removed','advanced-service','SSH',NULL),(25,'2014-09-17 14:42:04','Administrator','removed','advanced-service','Swap Usage',NULL),(26,'2014-09-17 14:42:04','Administrator','removed','advanced-service','Total Processes',NULL),(27,'2014-09-17 14:42:04','Administrator','removed','advanced-service','Uptime SNMP',NULL),(28,'2014-09-17 14:42:04','Administrator','removed','advanced-service','Uptime Windows',NULL),(29,'2014-09-17 14:48:08','Administrator','created','misccommand','process-service-perfdata-file',5371),(30,'2014-09-17 14:48:08','Administrator','added','misc command name','process-service-perfdata-file',5371),(31,'2014-09-17 14:48:08','Administrator','added','misc command line','/bin/mv /opt/pnp4nagios/var/service-perfdata /opt/pnp4nagios/var/spool/service-perfdata.$TIMET',5371),(32,'2014-09-17 14:48:34','Administrator','created','misccommand','process-host-perfdata-file',5372),(33,'2014-09-17 14:48:34','Administrator','added','misc command name','process-host-perfdata-file',5372),(34,'2014-09-17 14:48:34','Administrator','added','misc command line','/bin/mv /opt/pnp4nagios/var/host-perfdata /opt/pnp4nagios/var/spool/host-perfdata.$TIMET$',5372),(35,'2014-09-17 14:53:22','Administrator','modified','action URL','/pnp4nagios/graph?host=$HOSTNAME$',NULL),(36,'2014-09-17 14:53:22','Administrator','edited','host','localhost',NULL),(37,'2014-09-17 14:53:36','Administrator','modified','notes','',NULL),(38,'2014-09-17 14:53:36','Administrator','modified','notes URL','',NULL),(39,'2014-09-17 14:53:36','Administrator','modified','action URL','/pnp4nagios/graph?host=$HOSTNAME$&srv=$SERVICEDESC$',NULL),(40,'2014-09-17 14:53:36','Administrator','modified','max check attempts','',NULL),(41,'2014-09-17 14:53:36','Administrator','modified','check interval','',NULL),(42,'2014-09-17 14:53:36','Administrator','modified','retry interval','',NULL),(43,'2014-09-17 14:53:36','Administrator','modified','first notification delay','',NULL),(44,'2014-09-17 14:53:36','Administrator','modified','notification interval','',NULL),(45,'2014-09-17 14:53:36','Administrator','modified','notification options','',NULL),(46,'2014-09-17 14:53:36','Administrator','modified','active checking','',NULL),(47,'2014-09-17 14:53:36','Administrator','modified','passive checking','',NULL),(48,'2014-09-17 14:53:36','Administrator','modified','notification enabled','',NULL),(49,'2014-09-17 14:53:36','Administrator','modified','check freshness','',NULL),(50,'2014-09-17 14:53:36','Administrator','modified','freshness threshold','',NULL),(51,'2014-09-17 14:53:36','Administrator','edited','service','localhost: Root Partition',NULL),(52,'2014-09-17 14:53:39','Administrator','general','config','generating...',NULL),(53,'2014-09-17 14:53:39','Administrator','general','config','generated successfully',NULL),(54,'2014-09-17 14:53:41','Administrator','module','deploy local','extract config (OK)',NULL),(55,'2014-09-17 14:53:41','Administrator','module','deploy local','copy collector config (OK)',NULL),(56,'2014-09-17 14:53:41','Administrator','module','deploy local','copy global config (OK)',NULL),(57,'2014-09-19 15:51:36','Administrator','general','login','access granted (admin)',NULL),(58,'2014-09-19 15:51:38','Administrator','general','config','generating...',NULL),(59,'2014-09-19 15:51:38','Administrator','general','config','generated successfully',NULL),(60,'2014-09-19 15:51:39','Administrator','module','deploy local','extract config (OK)',NULL),(61,'2014-09-19 15:51:39','Administrator','module','deploy local','copy collector config (OK)',NULL),(62,'2014-09-19 15:51:39','Administrator','module','deploy local','copy global config (OK)',NULL),(63,'2014-09-19 15:54:06','Administrator','modified','icon image','freebsd40.gif',5255),(64,'2014-09-19 15:54:06','Administrator','modified','statusmap image','freebsd40.gd2',5255),(65,'2014-09-19 15:54:06','Administrator','edited','os','Free BSD',5255),(66,'2014-09-19 15:54:14','Administrator','modified','icon image','hp-printer40.gif',5277),(67,'2014-09-19 15:54:14','Administrator','modified','statusmap image','hp-printer40.gd2',5277),(68,'2014-09-19 15:54:14','Administrator','edited','os','HP Printer',5277),(69,'2014-09-19 15:54:21','Administrator','modified','icon image','hpux.gif',5254),(70,'2014-09-19 15:54:21','Administrator','modified','statusmap image','hpux.gd2',5254),(71,'2014-09-19 15:54:21','Administrator','edited','os','HP Unix',5254),(72,'2014-09-19 15:54:28','Administrator','modified','icon image','linux40.gif',5),(73,'2014-09-19 15:54:28','Administrator','modified','statusmap image','linux40.gd2',5),(74,'2014-09-19 15:54:28','Administrator','edited','os','Linux',5),(75,'2014-09-19 15:54:55','Administrator','modified','icon image','router40.gif',5256),(76,'2014-09-19 15:54:55','Administrator','modified','statusmap image','router40.gd2',5256),(77,'2014-09-19 15:54:55','Administrator','edited','os','Router',5256),(78,'2014-09-19 15:55:06','Administrator','modified','icon image','sunlogo.gif',2528),(79,'2014-09-19 15:55:06','Administrator','modified','statusmap image','sunlogo.gd2',2528),(80,'2014-09-19 15:55:06','Administrator','edited','os','Sun Solaris',2528),(81,'2014-09-19 15:55:14','Administrator','modified','icon image','switch40.gif',5257),(82,'2014-09-19 15:55:14','Administrator','modified','statusmap image','switch40.gd2',5257),(83,'2014-09-19 15:55:14','Administrator','edited','os','Switch',5257),(84,'2014-09-19 15:55:21','Administrator','modified','icon image','win40.gif',7),(85,'2014-09-19 15:55:21','Administrator','modified','statusmap image','win40.gd2',7),(86,'2014-09-19 15:55:21','Administrator','edited','os','Windows Server',7),(87,'2014-09-19 15:55:26','Administrator','general','config','generating...',NULL),(88,'2014-09-19 15:55:26','Administrator','general','config','generated successfully',NULL),(89,'2014-09-19 15:55:28','Administrator','module','deploy local','extract config (OK)',NULL),(90,'2014-09-19 15:55:28','Administrator','module','deploy local','copy collector config (OK)',NULL),(91,'2014-09-19 15:55:28','Administrator','module','deploy local','copy global config (OK)',NULL),(92,'2014-09-19 15:56:32','Administrator','modified','notes','',5336),(93,'2014-09-19 15:56:32','Administrator','modified','notes URL','',5336),(94,'2014-09-19 15:56:32','Administrator','modified','action URL','/pnp4nagios/graph?host=$HOSTNAME$',5336),(95,'2014-09-19 15:56:32','Administrator','modified','max check attempts','',5336),(96,'2014-09-19 15:56:32','Administrator','modified','check interval','',5336),(97,'2014-09-19 15:56:32','Administrator','modified','retry interval','',5336),(98,'2014-09-19 15:56:32','Administrator','modified','first notification delay','',5336),(99,'2014-09-19 15:56:32','Administrator','modified','notification interval','',5336),(100,'2014-09-19 15:56:32','Administrator','modified','notification options','',5336),(101,'2014-09-19 15:56:32','Administrator','modified','active checking','',5336),(102,'2014-09-19 15:56:32','Administrator','modified','passive checking','',5336),(103,'2014-09-19 15:56:32','Administrator','modified','notification enabled','',5336),(104,'2014-09-19 15:56:32','Administrator','modified','check freshness','',5336),(105,'2014-09-19 15:56:32','Administrator','modified','freshness threshold','',5336),(106,'2014-09-19 15:56:32','Administrator','edited','host-template','linux-server',5336),(107,'2014-09-19 15:57:39','Administrator','modified','notes','',5335),(108,'2014-09-19 15:57:39','Administrator','modified','notes URL','',5335),(109,'2014-09-19 15:57:39','Administrator','modified','action URL','/pnp4nagios/graph?host=$HOSTNAME$',5335),(110,'2014-09-19 15:57:39','Administrator','modified','max check attempts','3',5335),(111,'2014-09-19 15:57:39','Administrator','modified','check interval','5',5335),(112,'2014-09-19 15:57:39','Administrator','modified','retry interval','1',5335),(113,'2014-09-19 15:57:39','Administrator','modified','first notification delay','',5335),(114,'2014-09-19 15:57:39','Administrator','modified','notification interval','60',5335),(115,'2014-09-19 15:57:39','Administrator','modified','notification options','d,r',5335),(116,'2014-09-19 15:57:39','Administrator','modified','active checking','',5335),(117,'2014-09-19 15:57:39','Administrator','modified','passive checking','',5335),(118,'2014-09-19 15:57:39','Administrator','modified','check freshness','',5335),(119,'2014-09-19 15:57:39','Administrator','modified','freshness threshold','',5335),(120,'2014-09-19 15:57:39','Administrator','edited','host-template','generic-host',5335),(121,'2014-09-19 15:58:35','Administrator','modified','notes','',5337),(122,'2014-09-19 15:58:35','Administrator','modified','notes URL','',5337),(123,'2014-09-19 15:58:35','Administrator','modified','action URL','/pnp4nagios/graph?host=$HOSTNAME$',5337),(124,'2014-09-19 15:58:35','Administrator','modified','max check attempts','',5337),(125,'2014-09-19 15:58:35','Administrator','modified','check interval','',5337),(126,'2014-09-19 15:58:35','Administrator','modified','retry interval','',5337),(127,'2014-09-19 15:58:35','Administrator','modified','first notification delay','',5337),(128,'2014-09-19 15:58:35','Administrator','modified','notification interval','',5337),(129,'2014-09-19 15:58:35','Administrator','modified','notification options','',5337),(130,'2014-09-19 15:58:35','Administrator','modified','active checking','',5337),(131,'2014-09-19 15:58:35','Administrator','modified','passive checking','',5337),(132,'2014-09-19 15:58:35','Administrator','modified','notification enabled','',5337),(133,'2014-09-19 15:58:35','Administrator','modified','check freshness','',5337),(134,'2014-09-19 15:58:35','Administrator','modified','freshness threshold','',5337),(135,'2014-09-19 15:58:35','Administrator','edited','host-template','windows-server',5337),(136,'2014-09-19 16:09:07','Administrator','modified','notes','',5348),(137,'2014-09-19 16:09:07','Administrator','modified','notes URL','',5348),(138,'2014-09-19 16:09:07','Administrator','modified','action URL','/pnp4nagios/graph?host=$HOSTNAME$&srv=$SERVICEDESC$',5348),(139,'2014-09-19 16:09:07','Administrator','modified','check interval','5',5348),(140,'2014-09-19 16:09:07','Administrator','modified','retry interval','1',5348),(141,'2014-09-19 16:09:07','Administrator','modified','first notification delay','',5348),(142,'2014-09-19 16:09:07','Administrator','modified','freshness threshold','',5348),(143,'2014-09-19 16:09:07','Administrator','edited','service-template','generic-service',5348),(144,'2014-09-19 16:12:50','Administrator','assigned','check period','24x7',5335),(145,'2014-09-19 16:12:50','Administrator','assigned','check command','check-host-alive',5335),(146,'2014-09-19 16:12:50','Administrator','edited','host-template','generic-host',5335),(147,'2014-09-19 16:13:03','Administrator','unassigned','notification period','workhours',5336),(148,'2014-09-19 16:13:03','Administrator','assigned','notification period','24x7',5336),(149,'2014-09-19 16:13:03','Administrator','edited','host-template','linux-server',5336),(150,'2014-09-19 16:13:17','Administrator','general','config','generating...',NULL),(151,'2014-09-19 16:13:18','Administrator','general','config','generated successfully',NULL),(152,'2014-09-19 16:13:21','Administrator','module','deploy local','extract config (OK)',NULL),(153,'2014-09-19 16:13:21','Administrator','module','deploy local','copy collector config (OK)',NULL),(154,'2014-09-19 16:13:21','Administrator','module','deploy local','copy global config (OK)',NULL),(155,'2014-09-19 16:47:18','Administrator','general','login','access granted (admin)',NULL),(156,'2014-09-19 16:48:32','Administrator','modified','notification enabled','1',5337),(157,'2014-09-19 16:48:32','Administrator','edited','host-template','windows-server',5337),(158,'2014-09-20 05:17:33','Administrator','general','config','generating...',NULL),(159,'2014-09-20 05:17:33','Administrator','general','config','generated successfully',NULL),(160,'2014-09-20 05:17:35','Administrator','module','deploy local','extract config (OK)',NULL),(161,'2014-09-20 05:17:35','Administrator','module','deploy local','copy collector config (OK)',NULL),(162,'2014-09-20 05:17:35','Administrator','module','deploy local','copy global config (OK)',NULL),(163,'2014-09-20 05:32:33','Administrator','created','checkcommand','check_nrpe',5373),(164,'2014-09-20 05:32:33','Administrator','added','check command name','check_nrpe',5373),(165,'2014-09-20 05:32:33','Administrator','added','default service name','check_nrpe',5373),(166,'2014-09-20 05:32:33','Administrator','added','check command line','$USER1$/check_nrpe -H $HOSTADDRESS$ -c $ARG1$ $ARG2$',5373),(167,'2014-09-20 05:32:33','Administrator','added','default command params','!!',5373),(168,'2014-09-20 05:32:33','Administrator','added','params description','ARG1=command,ARG2=arguments',5373),(169,'2014-09-20 05:32:33','Administrator','added','amount of params','2',5373),(170,'2014-09-20 05:32:33','Administrator','assigned','default service template(s)','generic-service',5373),(171,'2014-09-20 05:32:34','Administrator','added','execution_failure_criteria for dependency','',5373),(172,'2014-09-20 05:32:34','Administrator','added','notification_failure_criteria for dependency','',5373),(173,'2014-09-20 05:33:48','Administrator','created','service','localhost: check_dhcp',NULL),(174,'2014-09-20 05:33:48','Administrator','added','service name','check_dhcp',NULL),(175,'2014-09-20 05:33:48','Administrator','added','service','localhost: check_dhcp',NULL),(176,'2014-09-20 05:33:49','Administrator','added','params for check command','!',NULL),(177,'2014-09-20 05:33:49','Administrator','assigned','check period','24x7',NULL),(178,'2014-09-20 05:33:49','Administrator','added','notes','',NULL),(179,'2014-09-20 05:33:49','Administrator','added','notes URL','',NULL),(180,'2014-09-20 05:33:49','Administrator','added','action URL','/pnp4nagios/graph?host=$HOSTNAME$&srv=$SERVICEDESC$',NULL),(181,'2014-09-20 05:33:49','Administrator','added','service enabled','yes',NULL),(182,'2014-09-20 05:33:49','Administrator','added','max check attempts','',NULL),(183,'2014-09-20 05:33:49','Administrator','added','check interval','',NULL),(184,'2014-09-20 05:33:49','Administrator','added','retry interval','',NULL),(185,'2014-09-20 05:33:49','Administrator','added','first notification delay','',NULL),(186,'2014-09-20 05:33:49','Administrator','added','notification interval','',NULL),(187,'2014-09-20 05:33:49','Administrator','added','notification options','',NULL),(188,'2014-09-20 05:33:49','Administrator','added','active checking','',NULL),(189,'2014-09-20 05:33:49','Administrator','added','passive checking','',NULL),(190,'2014-09-20 05:33:49','Administrator','added','notification enabled','',NULL),(191,'2014-09-20 05:33:49','Administrator','added','check freshness','',NULL),(192,'2014-09-20 05:33:49','Administrator','added','freshness threshold','',NULL),(193,'2014-09-20 05:33:49','Administrator','added','event-handler enabled','0',NULL),(194,'2014-09-20 05:34:04','Administrator','removed','service','localhost: check_dhcp',NULL),(195,'2014-09-20 05:34:14','Administrator','created','service','localhost: check_nrpe',NULL),(196,'2014-09-20 05:34:14','Administrator','added','service name','check_nrpe',NULL),(197,'2014-09-20 05:34:14','Administrator','added','service','localhost: check_nrpe',NULL),(198,'2014-09-20 05:34:14','Administrator','added','params for check command','!!',NULL),(199,'2014-09-20 05:34:14','Administrator','assigned','check period','24x7',NULL),(200,'2014-09-20 05:34:14','Administrator','added','notes','',NULL),(201,'2014-09-20 05:34:14','Administrator','added','notes URL','',NULL),(202,'2014-09-20 05:34:14','Administrator','added','action URL','/pnp4nagios/graph?host=$HOSTNAME$&srv=$SERVICEDESC$',NULL),(203,'2014-09-20 05:34:14','Administrator','added','service enabled','yes',NULL),(204,'2014-09-20 05:34:14','Administrator','added','max check attempts','',NULL),(205,'2014-09-20 05:34:14','Administrator','added','check interval','',NULL),(206,'2014-09-20 05:34:14','Administrator','added','retry interval','',NULL),(207,'2014-09-20 05:34:14','Administrator','added','first notification delay','',NULL),(208,'2014-09-20 05:34:14','Administrator','added','notification interval','',NULL),(209,'2014-09-20 05:34:14','Administrator','added','notification options','',NULL),(210,'2014-09-20 05:34:14','Administrator','added','active checking','',NULL),(211,'2014-09-20 05:34:14','Administrator','added','passive checking','',NULL),(212,'2014-09-20 05:34:14','Administrator','added','notification enabled','',NULL),(213,'2014-09-20 05:34:14','Administrator','added','check freshness','',NULL),(214,'2014-09-20 05:34:14','Administrator','added','freshness threshold','',NULL),(215,'2014-09-20 05:34:14','Administrator','added','event-handler enabled','0',NULL),(216,'2014-09-20 05:34:35','Administrator','modified','service name','check_cpu',NULL),(217,'2014-09-20 05:34:35','Administrator','assigned','notification period','24x7',NULL),(218,'2014-09-20 05:34:35','Administrator','modified','params for check command','!check_cpu!',NULL),(219,'2014-09-20 05:34:35','Administrator','edited','service','localhost: check_cpu',NULL),(220,'2014-09-20 05:34:40','Administrator','general','config','generating...',NULL),(221,'2014-09-20 05:34:40','Administrator','general','config','generated successfully',NULL),(222,'2014-09-20 05:34:42','Administrator','module','deploy local','extract config (OK)',NULL),(223,'2014-09-20 05:34:42','Administrator','module','deploy local','copy collector config (OK)',NULL),(224,'2014-09-20 05:34:42','Administrator','module','deploy local','copy global config (OK)',NULL),(225,'2014-09-20 05:41:46','Administrator','modified','default service name','',5373),(226,'2014-09-20 05:41:46','Administrator','edited','checkcommand','check_nrpe',5373),(227,'2014-09-20 05:44:06','Administrator','created','checkcommand','check_diskfree',5376),(228,'2014-09-20 05:44:06','Administrator','added','check command name','check_diskfree',5376),(229,'2014-09-20 05:44:06','Administrator','added','default service name','',5376),(230,'2014-09-20 05:44:06','Administrator','added','check command line','$USER1$/check_nrpe -H $HOSTADDRESS$ -c check_disk $ARG1$ $ARG2$ $ARG3$',5376),(231,'2014-09-20 05:44:06','Administrator','added','default command params','!/!10%!5%',5376),(232,'2014-09-20 05:44:06','Administrator','added','params description','$ARG1$=mount poing,$ARG2$=warning,$ARG2$=critical',5376),(233,'2014-09-20 05:44:06','Administrator','added','amount of params','3',5376),(234,'2014-09-20 05:44:06','Administrator','added','execution_failure_criteria for dependency','',5376),(235,'2014-09-20 05:44:06','Administrator','added','notification_failure_criteria for dependency','',5376),(236,'2014-09-20 05:44:16','Administrator','created','service','localhost: check_diskfree',NULL),(237,'2014-09-20 05:44:16','Administrator','added','service name','check_diskfree',NULL),(238,'2014-09-20 05:44:16','Administrator','added','service','localhost: check_diskfree',NULL),(239,'2014-09-20 05:44:16','Administrator','added','params for check command','!/!10%!5%',NULL),(240,'2014-09-20 05:44:16','Administrator','assigned','check period','24x7',NULL),(241,'2014-09-20 05:44:16','Administrator','added','notes','',NULL),(242,'2014-09-20 05:44:16','Administrator','added','notes URL','',NULL),(243,'2014-09-20 05:44:16','Administrator','added','action URL','/pnp4nagios/graph?host=$HOSTNAME$&srv=$SERVICEDESC$',NULL),(244,'2014-09-20 05:44:16','Administrator','added','service enabled','yes',NULL),(245,'2014-09-20 05:44:16','Administrator','added','max check attempts','',NULL),(246,'2014-09-20 05:44:16','Administrator','added','check interval','',NULL),(247,'2014-09-20 05:44:16','Administrator','added','retry interval','',NULL),(248,'2014-09-20 05:44:16','Administrator','added','first notification delay','',NULL),(249,'2014-09-20 05:44:16','Administrator','added','notification interval','',NULL),(250,'2014-09-20 05:44:16','Administrator','added','notification options','',NULL),(251,'2014-09-20 05:44:16','Administrator','added','active checking','',NULL),(252,'2014-09-20 05:44:16','Administrator','added','passive checking','',NULL),(253,'2014-09-20 05:44:16','Administrator','added','notification enabled','',NULL),(254,'2014-09-20 05:44:16','Administrator','added','check freshness','',NULL),(255,'2014-09-20 05:44:16','Administrator','added','freshness threshold','',NULL),(256,'2014-09-20 05:44:16','Administrator','added','event-handler enabled','0',NULL),(257,'2014-09-20 05:44:41','Administrator','modified','service name','check_root',NULL),(258,'2014-09-20 05:44:41','Administrator','assigned','notification period','24x7',NULL),(259,'2014-09-20 05:44:41','Administrator','edited','service','localhost: check_root',NULL),(260,'2014-09-20 05:45:20','Administrator','modified','params description','ARG1=mount poing,ARG2=warning,ARG3=critical',5376),(261,'2014-09-20 05:45:20','Administrator','edited','checkcommand','check_diskfree',5376),(262,'2014-09-20 05:45:38','Administrator','general','config','generating...',NULL),(263,'2014-09-20 05:45:38','Administrator','general','config','generate failed with syntax errors',NULL),(264,'2014-09-20 05:45:55','Administrator','assigned','default service template(s)','generic-service',5376),(265,'2014-09-20 05:45:55','Administrator','edited','checkcommand','check_diskfree',5376),(266,'2014-09-20 05:45:58','Administrator','general','config','generating...',NULL),(267,'2014-09-20 05:45:58','Administrator','general','config','generated successfully',NULL),(268,'2014-09-20 05:46:01','Administrator','module','deploy local','extract config (OK)',NULL),(269,'2014-09-20 05:46:01','Administrator','module','deploy local','copy collector config (OK)',NULL),(270,'2014-09-20 05:46:01','Administrator','module','deploy local','copy global config (OK)',NULL),(271,'2014-09-20 05:46:44','Administrator','general','config','generating...',NULL),(272,'2014-09-20 05:46:44','Administrator','general','config','generated successfully',NULL),(273,'2014-09-20 05:46:54','Administrator','module','deploy local','extract config (OK)',NULL),(274,'2014-09-20 05:46:54','Administrator','module','deploy local','copy collector config (OK)',NULL),(275,'2014-09-20 05:46:54','Administrator','module','deploy local','copy global config (OK)',NULL),(276,'2014-09-20 05:47:52','Administrator','created','service','localhost: check_root_clone',NULL),(277,'2014-09-20 05:47:52','Administrator','added','service name','check_root_clone',NULL),(278,'2014-09-20 05:47:52','Administrator','added','service','localhost: check_root_clone',NULL),(279,'2014-09-20 05:47:52','Administrator','added','service enabled','yes',NULL),(280,'2014-09-20 05:47:52','Administrator','added','notes','',NULL),(281,'2014-09-20 05:47:52','Administrator','added','notes URL','',NULL),(282,'2014-09-20 05:47:52','Administrator','added','action URL','/pnp4nagios/graph?host=$HOSTNAME$&srv=$SERVICEDESC$',NULL),(283,'2014-09-20 05:47:52','Administrator','added','max check attempts','',NULL),(284,'2014-09-20 05:47:52','Administrator','added','check interval','',NULL),(285,'2014-09-20 05:47:52','Administrator','added','retry interval','',NULL),(286,'2014-09-20 05:47:52','Administrator','added','first notification delay','',NULL),(287,'2014-09-20 05:47:52','Administrator','added','notification interval','',NULL),(288,'2014-09-20 05:47:52','Administrator','added','notification options','',NULL),(289,'2014-09-20 05:47:52','Administrator','added','active checking','',NULL),(290,'2014-09-20 05:47:52','Administrator','added','passive checking','',NULL),(291,'2014-09-20 05:47:52','Administrator','added','notification enabled','',NULL),(292,'2014-09-20 05:47:52','Administrator','added','check freshness','',NULL),(293,'2014-09-20 05:47:52','Administrator','added','freshness threshold','',NULL),(294,'2014-09-20 05:47:52','Administrator','added','event-handler enabled','0',NULL),(295,'2014-09-20 05:47:52','Administrator','added','params for check command','!/!10%!5%',NULL),(296,'2014-09-20 05:47:52','Administrator','assigned','check period','24x7',NULL),(297,'2014-09-20 05:47:52','Administrator','assigned','notification period','24x7',NULL),(298,'2014-09-20 05:47:52','Administrator','assigned','check command','check_diskfree',NULL),(299,'2014-09-20 05:47:59','Administrator','modified','params for check command','!/boot!10%!5%',NULL),(300,'2014-09-20 05:47:59','Administrator','edited','service','localhost: check_root_clone',NULL),(301,'2014-09-20 05:48:17','Administrator','modified','service name','check_boot',NULL),(302,'2014-09-20 05:48:17','Administrator','edited','service','localhost: check_boot',NULL),(303,'2014-09-20 05:48:20','Administrator','general','config','generating...',NULL),(304,'2014-09-20 05:48:20','Administrator','general','config','generated successfully',NULL),(305,'2014-09-20 05:48:22','Administrator','module','deploy local','extract config (OK)',NULL),(306,'2014-09-20 05:48:22','Administrator','module','deploy local','copy collector config (OK)',NULL),(307,'2014-09-20 05:48:22','Administrator','module','deploy local','copy global config (OK)',NULL),(308,'2014-09-20 05:52:02','Administrator','modified','check command line','$USER1$/check_nrpe -H $HOSTADDRESS$ -c check_disk -a $ARG1$ $ARG2$ $ARG3$',5376),(309,'2014-09-20 05:52:02','Administrator','edited','checkcommand','check_diskfree',5376),(310,'2014-09-20 05:52:04','Administrator','general','config','generating...',NULL),(311,'2014-09-20 05:52:04','Administrator','general','config','generated successfully',NULL),(312,'2014-09-20 05:52:05','Administrator','module','deploy local','extract config (OK)',NULL),(313,'2014-09-20 05:52:05','Administrator','module','deploy local','copy collector config (OK)',NULL),(314,'2014-09-20 05:52:05','Administrator','module','deploy local','copy global config (OK)',NULL),(315,'2014-09-20 05:53:17','Administrator','removed','service','localhost: Root Partition',NULL),(316,'2014-09-20 05:58:31','Administrator','created','service','localhost: check_cpu_clone',NULL),(317,'2014-09-20 05:58:31','Administrator','added','service name','check_cpu_clone',NULL),(318,'2014-09-20 05:58:31','Administrator','added','service','localhost: check_cpu_clone',NULL),(319,'2014-09-20 05:58:31','Administrator','added','service enabled','yes',NULL),(320,'2014-09-20 05:58:31','Administrator','added','notes','',NULL),(321,'2014-09-20 05:58:31','Administrator','added','notes URL','',NULL),(322,'2014-09-20 05:58:31','Administrator','added','action URL','/pnp4nagios/graph?host=$HOSTNAME$&srv=$SERVICEDESC$',NULL),(323,'2014-09-20 05:58:31','Administrator','added','max check attempts','',NULL),(324,'2014-09-20 05:58:31','Administrator','added','check interval','',NULL),(325,'2014-09-20 05:58:31','Administrator','added','retry interval','',NULL),(326,'2014-09-20 05:58:31','Administrator','added','first notification delay','',NULL),(327,'2014-09-20 05:58:31','Administrator','added','notification interval','',NULL),(328,'2014-09-20 05:58:31','Administrator','added','notification options','',NULL),(329,'2014-09-20 05:58:31','Administrator','added','active checking','',NULL),(330,'2014-09-20 05:58:31','Administrator','added','passive checking','',NULL),(331,'2014-09-20 05:58:31','Administrator','added','notification enabled','',NULL),(332,'2014-09-20 05:58:31','Administrator','added','check freshness','',NULL),(333,'2014-09-20 05:58:31','Administrator','added','freshness threshold','',NULL),(334,'2014-09-20 05:58:31','Administrator','added','event-handler enabled','0',NULL),(335,'2014-09-20 05:58:31','Administrator','added','params for check command','!check_cpu!',NULL),(336,'2014-09-20 05:58:31','Administrator','assigned','check period','24x7',NULL),(337,'2014-09-20 05:58:31','Administrator','assigned','notification period','24x7',NULL),(338,'2014-09-20 05:58:31','Administrator','assigned','check command','check_nrpe',NULL),(339,'2014-09-20 05:59:29','Administrator','modified','service name','check_mem',NULL),(340,'2014-09-20 05:59:29','Administrator','assigned','service template(s)','generic-service',NULL),(341,'2014-09-20 05:59:29','Administrator','modified','params for check command','!check_mem!-a -w 90 -c 95',NULL),(342,'2014-09-20 05:59:29','Administrator','edited','service','localhost: check_mem',NULL),(343,'2014-09-20 05:59:34','Administrator','general','config','generating...',NULL),(344,'2014-09-20 05:59:34','Administrator','general','config','generated successfully',NULL),(345,'2014-09-20 05:59:35','Administrator','module','deploy local','extract config (OK)',NULL),(346,'2014-09-20 05:59:35','Administrator','module','deploy local','copy collector config (OK)',NULL),(347,'2014-09-20 05:59:40','Administrator','module','deploy local','copy global config (OK)',NULL),(348,'2014-09-20 06:01:20','Administrator','modified','check command name','check_nrpe_diskfree',5376),(349,'2014-09-20 06:01:21','Administrator','edited','checkcommand','check_nrpe_diskfree',5376),(350,'2014-09-20 06:02:40','Administrator','created','checkcommand','check_nrpe_mem',5380),(351,'2014-09-20 06:02:40','Administrator','added','check command name','check_nrpe_mem',5380),(352,'2014-09-20 06:02:40','Administrator','added','default service name','',5380),(353,'2014-09-20 06:02:40','Administrator','added','check command line','$USER1$/check_nrpe -H $HOSTADDRESS$ -c check_mem -a $ARG1$ $ARG2$',5380),(354,'2014-09-20 06:02:40','Administrator','added','default command params','!90!95',5380),(355,'2014-09-20 06:02:40','Administrator','added','params description','ARG1=warning,ARG2=critical',5380),(356,'2014-09-20 06:02:40','Administrator','added','amount of params','1',5380),(357,'2014-09-20 06:02:40','Administrator','added','execution_failure_criteria for dependency','',5380),(358,'2014-09-20 06:02:40','Administrator','added','notification_failure_criteria for dependency','',5380),(359,'2014-09-20 06:02:51','Administrator','removed','service','localhost: check_mem',NULL),(360,'2014-09-20 06:03:26','Administrator','created','service','localhost: check_mem',NULL),(361,'2014-09-20 06:03:26','Administrator','added','service name','check_mem',NULL),(362,'2014-09-20 06:03:26','Administrator','added','service enabled','yes',NULL),(363,'2014-09-20 06:03:26','Administrator','assigned','check command','check_nrpe_mem',NULL),(364,'2014-09-20 06:03:26','Administrator','assigned','assigned to host','localhost',NULL),(365,'2014-09-20 06:03:26','Administrator','assigned','check period','24x7',NULL),(366,'2014-09-20 06:03:26','Administrator','assigned','notification period','24x7',NULL),(367,'2014-09-20 06:03:26','Administrator','added','notes','',NULL),(368,'2014-09-20 06:03:26','Administrator','added','notes URL','',NULL),(369,'2014-09-20 06:03:26','Administrator','added','action URL','/pnp4nagios/graph?host=$HOSTNAME$&srv=$SERVICEDESC$',NULL),(370,'2014-09-20 06:03:26','Administrator','added','max check attempts','',NULL),(371,'2014-09-20 06:03:26','Administrator','added','check interval','',NULL),(372,'2014-09-20 06:03:26','Administrator','added','retry interval','',NULL),(373,'2014-09-20 06:03:26','Administrator','added','first notification delay','',NULL),(374,'2014-09-20 06:03:26','Administrator','added','notification interval','',NULL),(375,'2014-09-20 06:03:26','Administrator','added','notification options','',NULL),(376,'2014-09-20 06:03:26','Administrator','added','active checking','',NULL),(377,'2014-09-20 06:03:26','Administrator','added','passive checking','',NULL),(378,'2014-09-20 06:03:26','Administrator','added','notification enabled','',NULL),(379,'2014-09-20 06:03:26','Administrator','added','check freshness','',NULL),(380,'2014-09-20 06:03:26','Administrator','added','freshness threshold','',NULL),(381,'2014-09-20 06:03:26','Administrator','added','params for check command','!',NULL),(382,'2014-09-20 06:03:26','Administrator','added','event-handler enabled','0',NULL),(383,'2014-09-20 06:03:56','Administrator','modified','amount of params','2',5380),(384,'2014-09-20 06:03:56','Administrator','edited','checkcommand','check_nrpe_mem',5380),(385,'2014-09-20 06:03:57','Administrator','general','config','generating...',NULL),(386,'2014-09-20 06:03:58','Administrator','general','config','generate failed with syntax errors',NULL),(387,'2014-09-20 06:04:22','Administrator','assigned','default service template(s)','generic-service',5380),(388,'2014-09-20 06:04:22','Administrator','edited','checkcommand','check_nrpe_mem',5380),(389,'2014-09-20 06:04:26','Administrator','general','config','generating...',NULL),(390,'2014-09-20 06:04:26','Administrator','general','config','generated successfully',NULL),(391,'2014-09-20 06:04:49','Administrator','modified','params for check command','!90!95',NULL),(392,'2014-09-20 06:04:49','Administrator','edited','service','localhost: check_mem',NULL),(393,'2014-09-20 06:04:52','Administrator','general','config','generating...',NULL),(394,'2014-09-20 06:04:52','Administrator','general','config','generated successfully',NULL),(395,'2014-09-20 06:04:55','Administrator','module','deploy local','extract config (OK)',NULL),(396,'2014-09-20 06:04:55','Administrator','module','deploy local','copy collector config (OK)',NULL),(397,'2014-09-20 06:04:55','Administrator','module','deploy local','copy global config (OK)',NULL),(398,'2014-09-20 06:20:53','Administrator','created','service','localhost: check_cpu_clone',NULL),(399,'2014-09-20 06:20:53','Administrator','added','service name','check_cpu_clone',NULL),(400,'2014-09-20 06:20:53','Administrator','added','service','localhost: check_cpu_clone',NULL),(401,'2014-09-20 06:20:53','Administrator','added','service enabled','yes',NULL),(402,'2014-09-20 06:20:53','Administrator','added','notes','',NULL),(403,'2014-09-20 06:20:53','Administrator','added','notes URL','',NULL),(404,'2014-09-20 06:20:53','Administrator','added','action URL','/pnp4nagios/graph?host=$HOSTNAME$&srv=$SERVICEDESC$',NULL),(405,'2014-09-20 06:20:53','Administrator','added','max check attempts','',NULL),(406,'2014-09-20 06:20:53','Administrator','added','check interval','',NULL),(407,'2014-09-20 06:20:53','Administrator','added','retry interval','',NULL),(408,'2014-09-20 06:20:53','Administrator','added','first notification delay','',NULL),(409,'2014-09-20 06:20:53','Administrator','added','notification interval','',NULL),(410,'2014-09-20 06:20:53','Administrator','added','notification options','',NULL),(411,'2014-09-20 06:20:53','Administrator','added','active checking','',NULL),(412,'2014-09-20 06:20:53','Administrator','added','passive checking','',NULL),(413,'2014-09-20 06:20:53','Administrator','added','notification enabled','',NULL),(414,'2014-09-20 06:20:53','Administrator','added','check freshness','',NULL),(415,'2014-09-20 06:20:53','Administrator','added','freshness threshold','',NULL),(416,'2014-09-20 06:20:53','Administrator','added','event-handler enabled','0',NULL),(417,'2014-09-20 06:20:53','Administrator','added','params for check command','!check_cpu!',NULL),(418,'2014-09-20 06:20:53','Administrator','assigned','check period','24x7',NULL),(419,'2014-09-20 06:20:53','Administrator','assigned','notification period','24x7',NULL),(420,'2014-09-20 06:20:53','Administrator','assigned','check command','check_nrpe',NULL),(421,'2014-09-20 06:21:11','Administrator','modified','service name','check_uptime',NULL),(422,'2014-09-20 06:21:11','Administrator','modified','params for check command','!check_uptime!',NULL),(423,'2014-09-20 06:21:11','Administrator','edited','service','localhost: check_uptime',NULL),(424,'2014-09-20 06:21:25','Administrator','general','config','generating...',NULL),(425,'2014-09-20 06:21:25','Administrator','general','config','generated successfully',NULL),(426,'2014-09-20 06:21:27','Administrator','module','deploy local','extract config (OK)',NULL),(427,'2014-09-20 06:21:27','Administrator','module','deploy local','copy collector config (OK)',NULL),(428,'2014-09-20 06:21:27','Administrator','module','deploy local','copy global config (OK)',NULL),(429,'2014-09-20 06:47:21','Administrator','created','service','localhost: check_cpu_clone',NULL),(430,'2014-09-20 06:47:21','Administrator','added','service name','check_cpu_clone',NULL),(431,'2014-09-20 06:47:21','Administrator','added','service','localhost: check_cpu_clone',NULL),(432,'2014-09-20 06:47:22','Administrator','added','service enabled','yes',NULL),(433,'2014-09-20 06:47:22','Administrator','added','notes','',NULL),(434,'2014-09-20 06:47:22','Administrator','added','notes URL','',NULL),(435,'2014-09-20 06:47:22','Administrator','added','action URL','/pnp4nagios/graph?host=$HOSTNAME$&srv=$SERVICEDESC$',NULL),(436,'2014-09-20 06:47:22','Administrator','added','max check attempts','',NULL),(437,'2014-09-20 06:47:23','Administrator','added','check interval','',NULL),(438,'2014-09-20 06:47:23','Administrator','added','retry interval','',NULL),(439,'2014-09-20 06:47:23','Administrator','added','first notification delay','',NULL),(440,'2014-09-20 06:47:23','Administrator','added','notification interval','',NULL),(441,'2014-09-20 06:47:23','Administrator','added','notification options','',NULL),(442,'2014-09-20 06:47:23','Administrator','added','active checking','',NULL),(443,'2014-09-20 06:47:24','Administrator','added','passive checking','',NULL),(444,'2014-09-20 06:47:24','Administrator','added','notification enabled','',NULL),(445,'2014-09-20 06:47:24','Administrator','added','check freshness','',NULL),(446,'2014-09-20 06:47:24','Administrator','added','freshness threshold','',NULL),(447,'2014-09-20 06:47:24','Administrator','added','event-handler enabled','0',NULL),(448,'2014-09-20 06:47:24','Administrator','added','params for check command','!check_cpu!',NULL),(449,'2014-09-20 06:47:24','Administrator','assigned','check period','24x7',NULL),(450,'2014-09-20 06:47:24','Administrator','assigned','notification period','24x7',NULL),(451,'2014-09-20 06:47:24','Administrator','assigned','check command','check_nrpe',NULL),(452,'2014-09-20 06:47:50','Administrator','modified','service name','mysql_nconf',NULL),(453,'2014-09-20 06:47:51','Administrator','modified','params for check command','!check_mysql_nconf!',NULL),(454,'2014-09-20 06:47:51','Administrator','edited','service','localhost: mysql_nconf',NULL),(455,'2014-09-20 06:47:54','Administrator','general','config','generating...',NULL),(456,'2014-09-20 06:47:55','Administrator','general','config','generated successfully',NULL),(457,'2014-09-20 06:47:56','Administrator','module','deploy local','extract config (OK)',NULL),(458,'2014-09-20 06:47:56','Administrator','module','deploy local','copy collector config (OK)',NULL),(459,'2014-09-20 06:47:57','Administrator','module','deploy local','copy global config (OK)',NULL),(460,'2014-09-20 06:53:50','Administrator','created','service','localhost: check_cpu_clone',NULL),(461,'2014-09-20 06:53:51','Administrator','added','service name','check_cpu_clone',NULL),(462,'2014-09-20 06:53:51','Administrator','added','service','localhost: check_cpu_clone',NULL),(463,'2014-09-20 06:53:51','Administrator','added','service enabled','yes',NULL),(464,'2014-09-20 06:53:51','Administrator','added','notes','',NULL),(465,'2014-09-20 06:53:51','Administrator','added','notes URL','',NULL),(466,'2014-09-20 06:53:51','Administrator','added','action URL','/pnp4nagios/graph?host=$HOSTNAME$&srv=$SERVICEDESC$',NULL),(467,'2014-09-20 06:53:51','Administrator','added','max check attempts','',NULL),(468,'2014-09-20 06:53:51','Administrator','added','check interval','',NULL),(469,'2014-09-20 06:53:51','Administrator','added','retry interval','',NULL),(470,'2014-09-20 06:53:51','Administrator','added','first notification delay','',NULL),(471,'2014-09-20 06:53:51','Administrator','added','notification interval','',NULL),(472,'2014-09-20 06:53:51','Administrator','added','notification options','',NULL),(473,'2014-09-20 06:53:51','Administrator','added','active checking','',NULL),(474,'2014-09-20 06:53:51','Administrator','added','passive checking','',NULL),(475,'2014-09-20 06:53:51','Administrator','added','notification enabled','',NULL),(476,'2014-09-20 06:53:51','Administrator','added','check freshness','',NULL),(477,'2014-09-20 06:53:51','Administrator','added','freshness threshold','',NULL),(478,'2014-09-20 06:53:51','Administrator','added','event-handler enabled','0',NULL),(479,'2014-09-20 06:53:51','Administrator','added','params for check command','!check_cpu!',NULL),(480,'2014-09-20 06:53:51','Administrator','assigned','check period','24x7',NULL),(481,'2014-09-20 06:53:51','Administrator','assigned','notification period','24x7',NULL),(482,'2014-09-20 06:53:51','Administrator','assigned','check command','check_nrpe',NULL),(483,'2014-09-20 06:54:10','Administrator','modified','service name','debian_updates',NULL),(484,'2014-09-20 06:54:10','Administrator','modified','params for check command','!check_debian_apt!',NULL),(485,'2014-09-20 06:54:10','Administrator','edited','service','localhost: debian_updates',NULL),(486,'2014-09-20 06:54:18','Administrator','general','config','generating...',NULL),(487,'2014-09-20 06:54:18','Administrator','general','config','generated successfully',NULL),(488,'2014-09-20 06:54:20','Administrator','module','deploy local','extract config (OK)',NULL),(489,'2014-09-20 06:54:20','Administrator','module','deploy local','copy collector config (OK)',NULL),(490,'2014-09-20 06:54:20','Administrator','module','deploy local','copy global config (OK)',NULL),(491,'2014-09-20 07:32:34','Administrator','created','host','macos',NULL),(492,'2014-09-20 07:32:34','Administrator','added','hostname','macos',NULL),(493,'2014-09-20 07:32:34','Administrator','added','alias','macos',NULL),(494,'2014-09-20 07:32:34','Administrator','added','address','192.168.55.1',NULL),(495,'2014-09-20 07:32:34','Administrator','assigned','OS','Free BSD',NULL),(496,'2014-09-20 07:32:34','Administrator','assigned','host preset','linux-server',NULL),(497,'2014-09-20 07:32:34','Administrator','assigned','monitored by','server',NULL),(498,'2014-09-20 07:32:34','Administrator','added','host is collector','no',NULL),(499,'2014-09-20 07:32:34','Administrator','assigned','check period','24x7',NULL),(500,'2014-09-20 07:32:34','Administrator','assigned','notification period','24x7',NULL),(501,'2014-09-20 07:32:34','Administrator','assigned','host template(s)','generic-host',NULL),(502,'2014-09-20 07:32:34','Administrator','added','notes','',NULL),(503,'2014-09-20 07:32:34','Administrator','added','notes URL','',NULL),(504,'2014-09-20 07:32:34','Administrator','added','action URL','/pnp4nagios/graph?host=$HOSTNAME$',NULL),(505,'2014-09-20 07:32:34','Administrator','added','max check attempts','',NULL),(506,'2014-09-20 07:32:34','Administrator','added','check interval','',NULL),(507,'2014-09-20 07:32:34','Administrator','added','retry interval','',NULL),(508,'2014-09-20 07:32:34','Administrator','added','first notification delay','',NULL),(509,'2014-09-20 07:32:34','Administrator','added','notification interval','',NULL),(510,'2014-09-20 07:32:34','Administrator','added','notification options','',NULL),(511,'2014-09-20 07:32:34','Administrator','added','active checking','',NULL),(512,'2014-09-20 07:32:34','Administrator','added','passive checking','',NULL),(513,'2014-09-20 07:32:34','Administrator','added','notification enabled','',NULL),(514,'2014-09-20 07:32:34','Administrator','added','check freshness','',NULL),(515,'2014-09-20 07:32:34','Administrator','added','freshness threshold','',NULL),(516,'2014-09-20 07:32:59','Administrator','created','service','macos: check_ping',NULL),(517,'2014-09-20 07:32:59','Administrator','added','service name','check_ping',NULL),(518,'2014-09-20 07:32:59','Administrator','added','service','macos: check_ping',NULL),(519,'2014-09-20 07:32:59','Administrator','added','params for check command','!3000.0,80%!5000.0,100%',NULL),(520,'2014-09-20 07:32:59','Administrator','assigned','check period','24x7',NULL),(521,'2014-09-20 07:32:59','Administrator','assigned','notification period','24x7',NULL),(522,'2014-09-20 07:32:59','Administrator','added','notes','',NULL),(523,'2014-09-20 07:32:59','Administrator','added','notes URL','',NULL),(524,'2014-09-20 07:32:59','Administrator','added','action URL','/pnp4nagios/graph?host=$HOSTNAME$&srv=$SERVICEDESC$',NULL),(525,'2014-09-20 07:32:59','Administrator','added','service enabled','yes',NULL),(526,'2014-09-20 07:32:59','Administrator','added','max check attempts','',NULL),(527,'2014-09-20 07:32:59','Administrator','added','check interval','',NULL),(528,'2014-09-20 07:32:59','Administrator','added','retry interval','',NULL),(529,'2014-09-20 07:32:59','Administrator','added','first notification delay','',NULL),(530,'2014-09-20 07:32:59','Administrator','added','notification interval','',NULL),(531,'2014-09-20 07:32:59','Administrator','added','notification options','',NULL),(532,'2014-09-20 07:32:59','Administrator','added','active checking','',NULL),(533,'2014-09-20 07:32:59','Administrator','added','passive checking','',NULL),(534,'2014-09-20 07:32:59','Administrator','added','notification enabled','',NULL),(535,'2014-09-20 07:32:59','Administrator','added','check freshness','',NULL),(536,'2014-09-20 07:32:59','Administrator','added','freshness threshold','',NULL),(537,'2014-09-20 07:32:59','Administrator','added','event-handler enabled','0',NULL),(538,'2014-09-20 14:13:07','Administrator','general','login','access granted (admin)',NULL),(539,'2014-09-20 14:14:17','Administrator','created','misccommand','check_http_alive',5387),(540,'2014-09-20 14:14:17','Administrator','added','misc command name','check_http_alive',5387),(541,'2014-09-20 14:14:17','Administrator','added','misc command line','$USER1$/check_http -H $HOSTADDRESS$',5387),(542,'2014-09-20 14:16:18','Administrator','created','host-preset','http-server',5388),(543,'2014-09-20 14:16:18','Administrator','added','host preset name','http-server',5388),(544,'2014-09-20 14:16:18','Administrator','assigned','host-alive check','check_http_alive',5388),(545,'2014-09-20 14:17:00','Administrator','created','host','dmci.co',5389),(546,'2014-09-20 14:17:00','Administrator','added','hostname','dmci.co',5389),(547,'2014-09-20 14:17:00','Administrator','added','alias','',5389),(548,'2014-09-20 14:17:00','Administrator','added','address','dmci.co',5389),(549,'2014-09-20 14:17:00','Administrator','assigned','OS','Linux',5389),(550,'2014-09-20 14:17:00','Administrator','assigned','host preset','http-server',5389),(551,'2014-09-20 14:17:00','Administrator','assigned','monitored by','server',5389),(552,'2014-09-20 14:17:01','Administrator','added','host is collector','no',5389),(553,'2014-09-20 14:17:01','Administrator','assigned','check period','24x7',5389),(554,'2014-09-20 14:17:01','Administrator','assigned','notification period','24x7',5389),(555,'2014-09-20 14:17:01','Administrator','assigned','host template(s)','generic-host',5389),(556,'2014-09-20 14:17:01','Administrator','added','notes','',5389),(557,'2014-09-20 14:17:01','Administrator','added','notes URL','',5389),(558,'2014-09-20 14:17:01','Administrator','added','action URL','/pnp4nagios/graph?host=$HOSTNAME$',5389),(559,'2014-09-20 14:17:01','Administrator','added','max check attempts','',5389),(560,'2014-09-20 14:17:01','Administrator','added','check interval','',5389),(561,'2014-09-20 14:17:01','Administrator','added','retry interval','',5389),(562,'2014-09-20 14:17:01','Administrator','added','first notification delay','',5389),(563,'2014-09-20 14:17:01','Administrator','added','notification interval','',5389),(564,'2014-09-20 14:17:01','Administrator','added','notification options','',5389),(565,'2014-09-20 14:17:01','Administrator','added','active checking','',5389),(566,'2014-09-20 14:17:01','Administrator','added','passive checking','',5389),(567,'2014-09-20 14:17:01','Administrator','added','notification enabled','',5389),(568,'2014-09-20 14:17:01','Administrator','added','check freshness','',5389),(569,'2014-09-20 14:17:01','Administrator','added','freshness threshold','',5389),(570,'2014-09-20 14:17:09','Administrator','created','service','dmci.co: check_http',5390),(571,'2014-09-20 14:17:09','Administrator','added','service name','check_http',5390),(572,'2014-09-20 14:17:09','Administrator','added','service','dmci.co: check_http',5389),(573,'2014-09-20 14:17:09','Administrator','added','params for check command','!',5390),(574,'2014-09-20 14:17:09','Administrator','assigned','check period','24x7',5390),(575,'2014-09-20 14:17:09','Administrator','assigned','notification period','24x7',5390),(576,'2014-09-20 14:17:09','Administrator','added','notes','',5390),(577,'2014-09-20 14:17:09','Administrator','added','notes URL','',5390),(578,'2014-09-20 14:17:09','Administrator','added','action URL','/pnp4nagios/graph?host=$HOSTNAME$&srv=$SERVICEDESC$',5390),(579,'2014-09-20 14:17:09','Administrator','added','service enabled','yes',5390),(580,'2014-09-20 14:17:09','Administrator','added','max check attempts','',5390),(581,'2014-09-20 14:17:09','Administrator','added','check interval','',5390),(582,'2014-09-20 14:17:09','Administrator','added','retry interval','',5390),(583,'2014-09-20 14:17:09','Administrator','added','first notification delay','',5390),(584,'2014-09-20 14:17:09','Administrator','added','notification interval','',5390),(585,'2014-09-20 14:17:09','Administrator','added','notification options','',5390),(586,'2014-09-20 14:17:09','Administrator','added','active checking','',5390),(587,'2014-09-20 14:17:09','Administrator','added','passive checking','',5390),(588,'2014-09-20 14:17:09','Administrator','added','notification enabled','',5390),(589,'2014-09-20 14:17:09','Administrator','added','check freshness','',5390),(590,'2014-09-20 14:17:09','Administrator','added','freshness threshold','',5390),(591,'2014-09-20 14:17:09','Administrator','added','event-handler enabled','0',5390),(592,'2014-09-20 14:17:17','Administrator','general','config','generating...',NULL),(593,'2014-09-20 14:17:18','Administrator','general','config','generate failed with syntax errors',NULL),(594,'2014-09-20 14:17:41','Administrator','assigned','service template(s)','generic-service',5390),(595,'2014-09-20 14:17:41','Administrator','edited','service','dmci.co: check_http',5390),(596,'2014-09-20 14:19:08','Administrator','general','config','generating...',NULL),(597,'2014-09-20 14:19:08','Administrator','general','config','generate failed with syntax errors',NULL),(598,'2014-09-20 14:19:27','Administrator','assigned','service template(s)','generic-service',NULL),(599,'2014-09-20 14:19:27','Administrator','edited','service','macos: check_ping',NULL),(600,'2014-09-20 14:19:30','Administrator','general','config','generating...',NULL),(601,'2014-09-20 14:19:30','Administrator','general','config','generated successfully',NULL),(602,'2014-09-20 14:19:32','Administrator','module','deploy local','extract config (OK)',NULL),(603,'2014-09-20 14:19:32','Administrator','module','deploy local','copy collector config (OK)',NULL),(604,'2014-09-20 14:19:57','Administrator','module','deploy local','copy global config (OK)',NULL),(605,'2014-09-20 14:46:27','Administrator','created','checkcommand','check_dns',5391),(606,'2014-09-20 14:46:27','Administrator','added','check command name','check_dns',5391),(607,'2014-09-20 14:46:27','Administrator','added','default service name','',5391),(608,'2014-09-20 14:46:27','Administrator','added','check command line','$USER1$/check_dns -H $ARG1$ -s $ARG2$ -a $ARG3$ $ARG4$',5391),(609,'2014-09-20 14:46:27','Administrator','added','default command params','!domain.com!dnsserver!ipaddress',5391),(610,'2014-09-20 14:46:27','Administrator','added','params description','ARG1=domain2check,ARG2=dns.server,ARG3=ip.address',5391),(611,'2014-09-20 14:46:27','Administrator','added','amount of params','4',5391),(612,'2014-09-20 14:46:27','Administrator','added','execution_failure_criteria for dependency','',5391),(613,'2014-09-20 14:46:27','Administrator','added','notification_failure_criteria for dependency','',5391),(614,'2014-09-20 14:46:45','Administrator','created','service','dmci.co: check_dns',5392),(615,'2014-09-20 14:46:45','Administrator','added','service name','check_dns',5392),(616,'2014-09-20 14:46:45','Administrator','added','service','dmci.co: check_dns',5389),(617,'2014-09-20 14:46:45','Administrator','added','params for check command','!domain.com!dnsserver!ipaddress',5392),(618,'2014-09-20 14:46:45','Administrator','assigned','check period','24x7',5392),(619,'2014-09-20 14:46:45','Administrator','assigned','notification period','24x7',5392),(620,'2014-09-20 14:46:45','Administrator','added','notes','',5392),(621,'2014-09-20 14:46:45','Administrator','added','notes URL','',5392),(622,'2014-09-20 14:46:45','Administrator','added','action URL','/pnp4nagios/graph?host=$HOSTNAME$&srv=$SERVICEDESC$',5392),(623,'2014-09-20 14:46:45','Administrator','added','service enabled','yes',5392),(624,'2014-09-20 14:46:45','Administrator','added','max check attempts','',5392),(625,'2014-09-20 14:46:45','Administrator','added','check interval','',5392),(626,'2014-09-20 14:46:45','Administrator','added','retry interval','',5392),(627,'2014-09-20 14:46:45','Administrator','added','first notification delay','',5392),(628,'2014-09-20 14:46:45','Administrator','added','notification interval','',5392),(629,'2014-09-20 14:46:45','Administrator','added','notification options','',5392),(630,'2014-09-20 14:46:45','Administrator','added','active checking','',5392),(631,'2014-09-20 14:46:45','Administrator','added','passive checking','',5392),(632,'2014-09-20 14:46:45','Administrator','added','notification enabled','',5392),(633,'2014-09-20 14:46:45','Administrator','added','check freshness','',5392),(634,'2014-09-20 14:46:45','Administrator','added','freshness threshold','',5392),(635,'2014-09-20 14:46:45','Administrator','added','event-handler enabled','0',5392),(636,'2014-09-20 14:47:31','Administrator','assigned','service template(s)','generic-service',5392),(637,'2014-09-20 14:47:31','Administrator','modified','params for check command','!dmci.co!ns40.domaincontrol.com!209.99.17.23!',5392),(638,'2014-09-20 14:47:31','Administrator','edited','service','dmci.co: check_dns',5392),(639,'2014-09-20 14:47:47','Administrator','modified','service name','dns dmci.co',5392),(640,'2014-09-20 14:47:47','Administrator','edited','service','dmci.co: dns dmci.co',5392),(641,'2014-09-20 14:47:51','Administrator','general','config','generating...',NULL),(642,'2014-09-20 14:47:51','Administrator','general','config','generated successfully',NULL),(643,'2014-09-20 14:47:53','Administrator','module','deploy local','extract config (OK)',NULL),(644,'2014-09-20 14:47:53','Administrator','module','deploy local','copy collector config (OK)',NULL),(645,'2014-09-20 14:47:53','Administrator','module','deploy local','copy global config (OK)',NULL),(646,'2014-09-20 15:21:15','Administrator','created','service','dmci.co: dns dmci.co_clone',5393),(647,'2014-09-20 15:21:15','Administrator','added','service name','dns dmci.co_clone',5393),(648,'2014-09-20 15:21:15','Administrator','added','service','dmci.co: dns dmci.co_clone',5389),(649,'2014-09-20 15:21:15','Administrator','added','service enabled','yes',5393),(650,'2014-09-20 15:21:15','Administrator','added','notes','',5393),(651,'2014-09-20 15:21:15','Administrator','added','notes URL','',5393),(652,'2014-09-20 15:21:15','Administrator','added','action URL','/pnp4nagios/graph?host=$HOSTNAME$&srv=$SERVICEDESC$',5393),(653,'2014-09-20 15:21:15','Administrator','added','max check attempts','',5393),(654,'2014-09-20 15:21:15','Administrator','added','check interval','',5393),(655,'2014-09-20 15:21:15','Administrator','added','retry interval','',5393),(656,'2014-09-20 15:21:15','Administrator','added','first notification delay','',5393),(657,'2014-09-20 15:21:15','Administrator','added','notification interval','',5393),(658,'2014-09-20 15:21:15','Administrator','added','notification options','',5393),(659,'2014-09-20 15:21:15','Administrator','added','active checking','',5393),(660,'2014-09-20 15:21:15','Administrator','added','passive checking','',5393),(661,'2014-09-20 15:21:15','Administrator','added','notification enabled','',5393),(662,'2014-09-20 15:21:15','Administrator','added','check freshness','',5393),(663,'2014-09-20 15:21:15','Administrator','added','freshness threshold','',5393),(664,'2014-09-20 15:21:15','Administrator','added','event-handler enabled','0',5393),(665,'2014-09-20 15:21:15','Administrator','added','params for check command','!dmci.co!ns40.domaincontrol.com!209.99.17.23!',5393),(666,'2014-09-20 15:21:15','Administrator','assigned','check period','24x7',5393),(667,'2014-09-20 15:21:15','Administrator','assigned','notification period','24x7',5393),(668,'2014-09-20 15:21:15','Administrator','assigned','service template(s)','generic-service',5393),(669,'2014-09-20 15:21:15','Administrator','assigned','check command','check_dns',5393),(670,'2014-09-20 15:29:18','Administrator','modified','service name','dns mail.dmci.co',5393),(671,'2014-09-20 15:29:18','Administrator','modified','params for check command','!mail.dmci.co!ns40.domaincontrol.com!mail.dmci.co.cust.a.hostedemail.com.!-n -q CNAME',5393),(672,'2014-09-20 15:29:18','Administrator','edited','service','dmci.co: dns mail.dmci.co',5393),(673,'2014-09-20 15:29:25','Administrator','general','config','generating...',NULL),(674,'2014-09-20 15:29:25','Administrator','general','config','generated successfully',NULL),(675,'2014-09-20 15:29:31','Administrator','module','deploy local','extract config (OK)',NULL),(676,'2014-09-20 15:29:31','Administrator','module','deploy local','copy collector config (OK)',NULL),(677,'2014-09-20 15:29:31','Administrator','module','deploy local','copy global config (OK)',NULL),(678,'2014-09-20 15:33:18','Administrator','created','service','dmci.co: dns dmci.co_clone',5394),(679,'2014-09-20 15:33:18','Administrator','added','service name','dns dmci.co_clone',5394),(680,'2014-09-20 15:33:18','Administrator','added','service','dmci.co: dns dmci.co_clone',5389),(681,'2014-09-20 15:33:18','Administrator','added','service enabled','yes',5394),(682,'2014-09-20 15:33:18','Administrator','added','notes','',5394),(683,'2014-09-20 15:33:19','Administrator','added','notes URL','',5394),(684,'2014-09-20 15:33:19','Administrator','added','action URL','/pnp4nagios/graph?host=$HOSTNAME$&srv=$SERVICEDESC$',5394),(685,'2014-09-20 15:33:19','Administrator','added','max check attempts','',5394),(686,'2014-09-20 15:33:19','Administrator','added','check interval','',5394),(687,'2014-09-20 15:33:19','Administrator','added','retry interval','',5394),(688,'2014-09-20 15:33:19','Administrator','added','first notification delay','',5394),(689,'2014-09-20 15:33:19','Administrator','added','notification interval','',5394),(690,'2014-09-20 15:33:19','Administrator','added','notification options','',5394),(691,'2014-09-20 15:33:19','Administrator','added','active checking','',5394),(692,'2014-09-20 15:33:19','Administrator','added','passive checking','',5394),(693,'2014-09-20 15:33:19','Administrator','added','notification enabled','',5394),(694,'2014-09-20 15:33:19','Administrator','added','check freshness','',5394),(695,'2014-09-20 15:33:19','Administrator','added','freshness threshold','',5394),(696,'2014-09-20 15:33:19','Administrator','added','event-handler enabled','0',5394),(697,'2014-09-20 15:33:19','Administrator','added','params for check command','!dmci.co!ns40.domaincontrol.com!209.99.17.23!',5394),(698,'2014-09-20 15:33:19','Administrator','assigned','check period','24x7',5394),(699,'2014-09-20 15:33:19','Administrator','assigned','notification period','24x7',5394),(700,'2014-09-20 15:33:19','Administrator','assigned','service template(s)','generic-service',5394),(701,'2014-09-20 15:33:19','Administrator','assigned','check command','check_dns',5394),(702,'2014-09-20 15:34:10','Administrator','modified','service name','dns dmci.co mx',5394),(703,'2014-09-20 15:34:10','Administrator','modified','params for check command','!dmci.co!ns40.domaincontrol.com!\'10 ASPMX.L.GOOGLE.COM.,20 ALT1.ASPMX.L.GOOGLE.COM.,30 ALT2.ASPMX.L.GOOGLE.COM.,40 ASPMX2.GOOGLEMAIL.COM.,50 ASPMX3.GOOGLEMAIL.COM.\'!-q MX',5394),(704,'2014-09-20 15:34:10','Administrator','edited','service','dmci.co: dns dmci.co mx',5394),(705,'2014-09-20 15:34:15','Administrator','general','config','generating...',NULL),(706,'2014-09-20 15:34:15','Administrator','general','config','generated successfully',NULL),(707,'2014-09-20 15:34:16','Administrator','module','deploy local','extract config (OK)',NULL),(708,'2014-09-20 15:34:16','Administrator','module','deploy local','copy collector config (OK)',NULL),(709,'2014-09-20 15:34:16','Administrator','module','deploy local','copy global config (OK)',NULL),(710,'2014-09-20 15:43:10','Administrator','created','checkcommand','check_domainexpiration',5395),(711,'2014-09-20 15:43:10','Administrator','added','check command name','check_domainexpiration',5395),(712,'2014-09-20 15:43:10','Administrator','added','default service name','',5395),(713,'2014-09-20 15:43:10','Administrator','added','check command line','$USER1$/other/check_expiration.sh -d $ARG1$ -w $ARG2$ -w $ARG3$',5395),(714,'2014-09-20 15:43:10','Administrator','added','default command params','!domain!90!30',5395),(715,'2014-09-20 15:43:10','Administrator','added','params description','',5395),(716,'2014-09-20 15:43:10','Administrator','added','amount of params','3',5395),(717,'2014-09-20 15:43:10','Administrator','added','execution_failure_criteria for dependency','',5395),(718,'2014-09-20 15:43:10','Administrator','added','notification_failure_criteria for dependency','',5395),(719,'2014-09-20 15:43:18','Administrator','created','service','dmci.co: check_domainexpiration',5396),(720,'2014-09-20 15:43:18','Administrator','added','service name','check_domainexpiration',5396),(721,'2014-09-20 15:43:18','Administrator','added','service','dmci.co: check_domainexpiration',5389),(722,'2014-09-20 15:43:18','Administrator','added','params for check command','!domain!90!30',5396),(723,'2014-09-20 15:43:18','Administrator','assigned','check period','24x7',5396),(724,'2014-09-20 15:43:18','Administrator','assigned','notification period','24x7',5396),(725,'2014-09-20 15:43:18','Administrator','added','notes','',5396),(726,'2014-09-20 15:43:18','Administrator','added','notes URL','',5396),(727,'2014-09-20 15:43:18','Administrator','added','action URL','/pnp4nagios/graph?host=$HOSTNAME$&srv=$SERVICEDESC$',5396),(728,'2014-09-20 15:43:18','Administrator','added','service enabled','yes',5396),(729,'2014-09-20 15:43:18','Administrator','added','max check attempts','',5396),(730,'2014-09-20 15:43:18','Administrator','added','check interval','',5396),(731,'2014-09-20 15:43:18','Administrator','added','retry interval','',5396),(732,'2014-09-20 15:43:18','Administrator','added','first notification delay','',5396),(733,'2014-09-20 15:43:18','Administrator','added','notification interval','',5396),(734,'2014-09-20 15:43:18','Administrator','added','notification options','',5396),(735,'2014-09-20 15:43:18','Administrator','added','active checking','',5396),(736,'2014-09-20 15:43:18','Administrator','added','passive checking','',5396),(737,'2014-09-20 15:43:18','Administrator','added','notification enabled','',5396),(738,'2014-09-20 15:43:18','Administrator','added','check freshness','',5396),(739,'2014-09-20 15:43:18','Administrator','added','freshness threshold','',5396),(740,'2014-09-20 15:43:18','Administrator','added','event-handler enabled','0',5396),(741,'2014-09-20 15:43:29','Administrator','modified','params for check command','!dmci.co!90!30',5396),(742,'2014-09-20 15:43:29','Administrator','edited','service','dmci.co: check_domainexpiration',5396),(743,'2014-09-20 15:43:32','Administrator','general','config','generating...',NULL),(744,'2014-09-20 15:43:33','Administrator','general','config','generate failed with syntax errors',NULL),(745,'2014-09-20 15:43:46','Administrator','assigned','service template(s)','generic-service',5396),(746,'2014-09-20 15:43:46','Administrator','edited','service','dmci.co: check_domainexpiration',5396),(747,'2014-09-20 15:43:48','Administrator','general','config','generating...',NULL),(748,'2014-09-20 15:43:48','Administrator','general','config','generated successfully',NULL),(749,'2014-09-20 15:43:49','Administrator','module','deploy local','extract config (OK)',NULL),(750,'2014-09-20 15:43:49','Administrator','module','deploy local','copy collector config (OK)',NULL),(751,'2014-09-20 15:43:49','Administrator','module','deploy local','copy global config (OK)',NULL),(752,'2014-09-20 16:32:42','Administrator','general','login','access granted (admin)',NULL),(753,'2014-09-20 16:33:18','Administrator','created','host','google.com',5397),(754,'2014-09-20 16:33:18','Administrator','added','hostname','google.com',5397),(755,'2014-09-20 16:33:18','Administrator','added','alias','',5397),(756,'2014-09-20 16:33:18','Administrator','added','address','google.com',5397),(757,'2014-09-20 16:33:18','Administrator','assigned','OS','Linux',5397),(758,'2014-09-20 16:33:18','Administrator','assigned','host preset','http-server',5397),(759,'2014-09-20 16:33:18','Administrator','assigned','monitored by','server',5397),(760,'2014-09-20 16:33:18','Administrator','added','host is collector','no',5397),(761,'2014-09-20 16:33:18','Administrator','assigned','check period','24x7',5397),(762,'2014-09-20 16:33:18','Administrator','assigned','notification period','24x7',5397),(763,'2014-09-20 16:33:18','Administrator','assigned','host template(s)','generic-host',5397),(764,'2014-09-20 16:33:18','Administrator','added','notes','',5397),(765,'2014-09-20 16:33:18','Administrator','added','notes URL','',5397),(766,'2014-09-20 16:33:18','Administrator','added','action URL','/pnp4nagios/graph?host=$HOSTNAME$',5397),(767,'2014-09-20 16:33:18','Administrator','added','max check attempts','',5397),(768,'2014-09-20 16:33:18','Administrator','added','check interval','',5397),(769,'2014-09-20 16:33:18','Administrator','added','retry interval','',5397),(770,'2014-09-20 16:33:18','Administrator','added','first notification delay','',5397),(771,'2014-09-20 16:33:18','Administrator','added','notification interval','',5397),(772,'2014-09-20 16:33:18','Administrator','added','notification options','',5397),(773,'2014-09-20 16:33:18','Administrator','added','active checking','',5397),(774,'2014-09-20 16:33:18','Administrator','added','passive checking','',5397),(775,'2014-09-20 16:33:18','Administrator','added','notification enabled','',5397),(776,'2014-09-20 16:33:18','Administrator','added','check freshness','',5397),(777,'2014-09-20 16:33:18','Administrator','added','freshness threshold','',5397),(778,'2014-09-20 16:33:21','Administrator','general','config','generating...',NULL),(779,'2014-09-20 16:33:22','Administrator','general','config','generated successfully',NULL),(780,'2014-09-20 16:33:23','Administrator','module','deploy local','extract config (OK)',NULL),(781,'2014-09-20 16:33:23','Administrator','module','deploy local','copy collector config (OK)',NULL),(782,'2014-09-20 16:33:23','Administrator','module','deploy local','copy global config (OK)',NULL),(783,'2014-09-20 16:36:44','Administrator','created','host','router mediacommerce',NULL),(784,'2014-09-20 16:36:44','Administrator','added','hostname','router mediacommerce',NULL),(785,'2014-09-20 16:36:44','Administrator','added','alias','',NULL),(786,'2014-09-20 16:36:44','Administrator','added','address','181.118.150.246',NULL),(787,'2014-09-20 16:36:44','Administrator','assigned','OS','Router',NULL),(788,'2014-09-20 16:36:44','Administrator','assigned','host preset','generic-switch',NULL),(789,'2014-09-20 16:36:44','Administrator','assigned','monitored by','server',NULL),(790,'2014-09-20 16:36:44','Administrator','added','host is collector','no',NULL),(791,'2014-09-20 16:36:44','Administrator','assigned','check period','24x7',NULL),(792,'2014-09-20 16:36:44','Administrator','assigned','notification period','24x7',NULL),(793,'2014-09-20 16:36:44','Administrator','assigned','host template(s)','generic-host',NULL),(794,'2014-09-20 16:36:44','Administrator','assigned','parent hosts','google.com',NULL),(795,'2014-09-20 16:36:44','Administrator','added','notes','',NULL),(796,'2014-09-20 16:36:44','Administrator','added','notes URL','',NULL),(797,'2014-09-20 16:36:44','Administrator','added','action URL','/pnp4nagios/graph?host=$HOSTNAME$',NULL),(798,'2014-09-20 16:36:44','Administrator','added','max check attempts','',NULL),(799,'2014-09-20 16:36:44','Administrator','added','check interval','',NULL),(800,'2014-09-20 16:36:44','Administrator','added','retry interval','',NULL),(801,'2014-09-20 16:36:44','Administrator','added','first notification delay','',NULL),(802,'2014-09-20 16:36:44','Administrator','added','notification interval','',NULL),(803,'2014-09-20 16:36:44','Administrator','added','notification options','',NULL),(804,'2014-09-20 16:36:44','Administrator','added','active checking','',NULL),(805,'2014-09-20 16:36:44','Administrator','added','passive checking','',NULL),(806,'2014-09-20 16:36:44','Administrator','added','notification enabled','',NULL),(807,'2014-09-20 16:36:44','Administrator','added','check freshness','',NULL),(808,'2014-09-20 16:36:44','Administrator','added','freshness threshold','',NULL),(809,'2014-09-20 16:36:53','Administrator','created','service','router mediacommerce: check_ping',NULL),(810,'2014-09-20 16:36:53','Administrator','added','service name','check_ping',NULL),(811,'2014-09-20 16:36:53','Administrator','added','service','router mediacommerce: check_ping',NULL),(812,'2014-09-20 16:36:53','Administrator','added','params for check command','!3000.0,80%!5000.0,100%',NULL),(813,'2014-09-20 16:36:53','Administrator','assigned','check period','24x7',NULL),(814,'2014-09-20 16:36:53','Administrator','assigned','notification period','24x7',NULL),(815,'2014-09-20 16:36:53','Administrator','added','notes','',NULL),(816,'2014-09-20 16:36:53','Administrator','added','notes URL','',NULL),(817,'2014-09-20 16:36:53','Administrator','added','action URL','/pnp4nagios/graph?host=$HOSTNAME$&srv=$SERVICEDESC$',NULL),(818,'2014-09-20 16:36:53','Administrator','added','service enabled','yes',NULL),(819,'2014-09-20 16:36:53','Administrator','added','max check attempts','',NULL),(820,'2014-09-20 16:36:53','Administrator','added','check interval','',NULL),(821,'2014-09-20 16:36:53','Administrator','added','retry interval','',NULL),(822,'2014-09-20 16:36:53','Administrator','added','first notification delay','',NULL),(823,'2014-09-20 16:36:53','Administrator','added','notification interval','',NULL),(824,'2014-09-20 16:36:53','Administrator','added','notification options','',NULL),(825,'2014-09-20 16:36:53','Administrator','added','active checking','',NULL),(826,'2014-09-20 16:36:53','Administrator','added','passive checking','',NULL),(827,'2014-09-20 16:36:53','Administrator','added','notification enabled','',NULL),(828,'2014-09-20 16:36:53','Administrator','added','check freshness','',NULL),(829,'2014-09-20 16:36:53','Administrator','added','freshness threshold','',NULL),(830,'2014-09-20 16:36:53','Administrator','added','event-handler enabled','0',NULL),(831,'2014-09-20 16:37:00','Administrator','general','config','generating...',NULL),(832,'2014-09-20 16:37:00','Administrator','general','config','generate failed with syntax errors',NULL),(833,'2014-09-20 16:37:16','Administrator','assigned','service template(s)','generic-service',NULL),(834,'2014-09-20 16:37:16','Administrator','edited','service','router mediacommerce: check_ping',NULL),(835,'2014-09-20 16:37:18','Administrator','general','config','generating...',NULL),(836,'2014-09-20 16:37:19','Administrator','general','config','generated successfully',NULL),(837,'2014-09-20 16:37:20','Administrator','module','deploy local','extract config (OK)',NULL),(838,'2014-09-20 16:37:20','Administrator','module','deploy local','copy collector config (OK)',NULL),(839,'2014-09-20 16:37:20','Administrator','module','deploy local','copy global config (OK)',NULL),(840,'2014-09-20 16:38:17','Administrator','assigned','parent hosts','router mediacommerce',NULL),(841,'2014-09-20 16:38:17','Administrator','edited','host','macos',NULL),(842,'2014-09-20 16:38:39','Administrator','assigned','parent hosts','macos',NULL),(843,'2014-09-20 16:38:39','Administrator','edited','host','localhost',NULL),(844,'2014-09-20 16:40:14','Administrator','created','host','dns_server',5400),(845,'2014-09-20 16:40:14','Administrator','added','hostname','dns_server',5400),(846,'2014-09-20 16:40:14','Administrator','added','alias','',5400),(847,'2014-09-20 16:40:14','Administrator','added','address','ns40.domaincontrol.com',5400),(848,'2014-09-20 16:40:14','Administrator','assigned','OS','Linux',5400),(849,'2014-09-20 16:40:14','Administrator','assigned','host preset','linux-server',5400),(850,'2014-09-20 16:40:14','Administrator','assigned','monitored by','server',5400),(851,'2014-09-20 16:40:14','Administrator','added','host is collector','no',5400),(852,'2014-09-20 16:40:14','Administrator','assigned','check period','24x7',5400),(853,'2014-09-20 16:40:14','Administrator','assigned','notification period','24x7',5400),(854,'2014-09-20 16:40:14','Administrator','assigned','host template(s)','generic-host',5400),(855,'2014-09-20 16:40:14','Administrator','added','notes','',5400),(856,'2014-09-20 16:40:14','Administrator','added','notes URL','',5400),(857,'2014-09-20 16:40:14','Administrator','added','action URL','/pnp4nagios/graph?host=$HOSTNAME$',5400),(858,'2014-09-20 16:40:14','Administrator','added','max check attempts','',5400),(859,'2014-09-20 16:40:14','Administrator','added','check interval','',5400),(860,'2014-09-20 16:40:14','Administrator','added','retry interval','',5400),(861,'2014-09-20 16:40:14','Administrator','added','first notification delay','',5400),(862,'2014-09-20 16:40:14','Administrator','added','notification interval','',5400),(863,'2014-09-20 16:40:14','Administrator','added','notification options','',5400),(864,'2014-09-20 16:40:14','Administrator','added','active checking','',5400),(865,'2014-09-20 16:40:14','Administrator','added','passive checking','',5400),(866,'2014-09-20 16:40:14','Administrator','added','notification enabled','',5400),(867,'2014-09-20 16:40:14','Administrator','added','check freshness','',5400),(868,'2014-09-20 16:40:14','Administrator','added','freshness threshold','',5400),(869,'2014-09-20 16:40:21','Administrator','created','service','dns_server: check_ping',5401),(870,'2014-09-20 16:40:21','Administrator','added','service name','check_ping',5401),(871,'2014-09-20 16:40:21','Administrator','added','service','dns_server: check_ping',5400),(872,'2014-09-20 16:40:21','Administrator','added','params for check command','!3000.0,80%!5000.0,100%',5401),(873,'2014-09-20 16:40:21','Administrator','assigned','check period','24x7',5401),(874,'2014-09-20 16:40:21','Administrator','assigned','notification period','24x7',5401),(875,'2014-09-20 16:40:21','Administrator','added','notes','',5401),(876,'2014-09-20 16:40:21','Administrator','added','notes URL','',5401),(877,'2014-09-20 16:40:21','Administrator','added','action URL','/pnp4nagios/graph?host=$HOSTNAME$&srv=$SERVICEDESC$',5401),(878,'2014-09-20 16:40:21','Administrator','added','service enabled','yes',5401),(879,'2014-09-20 16:40:21','Administrator','added','max check attempts','',5401),(880,'2014-09-20 16:40:21','Administrator','added','check interval','',5401),(881,'2014-09-20 16:40:21','Administrator','added','retry interval','',5401),(882,'2014-09-20 16:40:21','Administrator','added','first notification delay','',5401),(883,'2014-09-20 16:40:21','Administrator','added','notification interval','',5401),(884,'2014-09-20 16:40:21','Administrator','added','notification options','',5401),(885,'2014-09-20 16:40:21','Administrator','added','active checking','',5401),(886,'2014-09-20 16:40:21','Administrator','added','passive checking','',5401),(887,'2014-09-20 16:40:21','Administrator','added','notification enabled','',5401),(888,'2014-09-20 16:40:21','Administrator','added','check freshness','',5401),(889,'2014-09-20 16:40:21','Administrator','added','freshness threshold','',5401),(890,'2014-09-20 16:40:21','Administrator','added','event-handler enabled','0',5401),(891,'2014-09-20 16:40:29','Administrator','assigned','service template(s)','generic-service',5401),(892,'2014-09-20 16:40:29','Administrator','edited','service','dns_server: check_ping',5401),(893,'2014-09-20 16:40:34','Administrator','general','config','generating...',NULL),(894,'2014-09-20 16:40:34','Administrator','general','config','generated successfully',NULL),(895,'2014-09-20 16:40:36','Administrator','module','deploy local','extract config (OK)',NULL),(896,'2014-09-20 16:40:36','Administrator','module','deploy local','copy collector config (OK)',NULL),(897,'2014-09-20 16:40:36','Administrator','module','deploy local','copy global config (OK)',NULL),(898,'2014-09-20 16:41:37','Administrator','modified','misc command line','$USER1$/check_ping -H $HOSTADDRESS$ -4 -w 3000.0,80% -c 5000.0,100% -p 5',5331),(899,'2014-09-20 16:41:37','Administrator','edited','misccommand','check-host-alive',5331),(900,'2014-09-20 16:41:40','Administrator','general','config','generating...',NULL),(901,'2014-09-20 16:41:40','Administrator','general','config','generated successfully',NULL),(902,'2014-09-20 16:41:42','Administrator','module','deploy local','extract config (OK)',NULL),(903,'2014-09-20 16:41:42','Administrator','module','deploy local','copy collector config (OK)',NULL),(904,'2014-09-20 16:41:42','Administrator','module','deploy local','copy global config (OK)',NULL),(905,'2014-09-20 16:42:34','Administrator','modified','address','208.109.255.20',5400),(906,'2014-09-20 16:42:34','Administrator','edited','host','dns_server',5400),(907,'2014-09-20 16:42:37','Administrator','general','config','generating...',NULL),(908,'2014-09-20 16:42:37','Administrator','general','config','generated successfully',NULL),(909,'2014-09-20 16:42:38','Administrator','module','deploy local','extract config (OK)',NULL),(910,'2014-09-20 16:42:38','Administrator','module','deploy local','copy collector config (OK)',NULL),(911,'2014-09-20 16:42:38','Administrator','module','deploy local','copy global config (OK)',NULL),(912,'2014-09-20 21:46:34','unknown','general','login','access denied (user: admin)',NULL),(913,'2014-09-20 21:46:38','Administrator','general','login','access granted (admin)',NULL),(914,'2014-09-22 20:22:16','Administrator','general','login','access granted (admin)',NULL),(915,'2014-09-22 20:22:20','Administrator','general','config','generating...',NULL),(916,'2014-09-22 20:22:20','Administrator','general','config','generated successfully',NULL),(917,'2014-09-22 20:23:21','Administrator','general','config','generating...',NULL),(918,'2014-09-22 20:23:21','Administrator','general','config','generated successfully',NULL),(919,'2014-09-22 20:23:25','Administrator','module','deploy local','extract config locally (OK)',NULL),(920,'2014-09-22 20:23:25','Administrator','module','deploy scp','scp upload collector config (OK)',NULL),(921,'2014-09-22 20:23:25','Administrator','module','deploy scp','scp upload global config (OK)',NULL),(922,'2014-09-22 20:24:26','Administrator','removed','misccommand','process-host-perfdata',NULL),(923,'2014-09-22 20:24:47','Administrator','removed','misccommand','process-service-perfdata',NULL),(924,'2014-09-22 20:24:52','Administrator','general','config','generating...',NULL),(925,'2014-09-22 20:24:53','Administrator','general','config','generated successfully',NULL),(926,'2014-09-22 20:24:54','Administrator','module','deploy local','extract config locally (OK)',NULL),(927,'2014-09-22 20:24:54','Administrator','module','deploy scp','scp upload collector config (OK)',NULL),(928,'2014-09-22 20:24:54','Administrator','module','deploy scp','scp upload global config (OK)',NULL),(929,'2014-09-23 16:00:36','Administrator','general','login','access granted (admin)',NULL),(930,'2014-09-23 16:01:28','Administrator','created','host','nagios1',5402),(931,'2014-09-23 16:01:28','Administrator','added','hostname','nagios1',5402),(932,'2014-09-23 16:01:28','Administrator','added','alias','nagios1',5402),(933,'2014-09-23 16:01:28','Administrator','added','address','192.168.55.131',5402),(934,'2014-09-23 16:01:28','Administrator','added','host is collector','no',5402),(935,'2014-09-23 16:01:28','Administrator','added','notes','',5402),(936,'2014-09-23 16:01:28','Administrator','added','notes URL','',5402),(937,'2014-09-23 16:01:28','Administrator','added','action URL','/pnp4nagios/graph?host=$HOSTNAME$',5402),(938,'2014-09-23 16:01:28','Administrator','added','max check attempts','',5402),(939,'2014-09-23 16:01:28','Administrator','added','check interval','',5402),(940,'2014-09-23 16:01:28','Administrator','added','retry interval','',5402),(941,'2014-09-23 16:01:28','Administrator','added','first notification delay','',5402),(942,'2014-09-23 16:01:28','Administrator','added','notification interval','',5402),(943,'2014-09-23 16:01:28','Administrator','added','notification options','',5402),(944,'2014-09-23 16:01:28','Administrator','added','active checking','',5402),(945,'2014-09-23 16:01:28','Administrator','added','passive checking','',5402),(946,'2014-09-23 16:01:28','Administrator','added','notification enabled','',5402),(947,'2014-09-23 16:01:28','Administrator','added','check freshness','',5402),(948,'2014-09-23 16:01:28','Administrator','added','freshness threshold','',5402),(949,'2014-09-23 16:01:28','Administrator','assigned','parent hosts','macos',5402),(950,'2014-09-23 16:01:28','Administrator','assigned','OS','Linux',5402),(951,'2014-09-23 16:01:28','Administrator','assigned','monitored by','server',5402),(952,'2014-09-23 16:01:28','Administrator','assigned','assign host to hostgroup','linux-servers',5402),(953,'2014-09-23 16:01:28','Administrator','assigned','host preset','linux-server',5402),(954,'2014-09-23 16:01:28','Administrator','assigned','host template(s)','linux-server',5402),(955,'2014-09-23 16:01:28','Administrator','created','service','nagios1: check_cpu',5403),(956,'2014-09-23 16:01:28','Administrator','added','service name','check_cpu',5403),(957,'2014-09-23 16:01:28','Administrator','added','service','nagios1: check_cpu',5402),(958,'2014-09-23 16:01:28','Administrator','added','service enabled','yes',5403),(959,'2014-09-23 16:01:28','Administrator','added','notes','',5403),(960,'2014-09-23 16:01:28','Administrator','added','notes URL','',5403),(961,'2014-09-23 16:01:28','Administrator','added','action URL','/pnp4nagios/graph?host=$HOSTNAME$&srv=$SERVICEDESC$',5403),(962,'2014-09-23 16:01:28','Administrator','added','max check attempts','',5403),(963,'2014-09-23 16:01:28','Administrator','added','check interval','',5403),(964,'2014-09-23 16:01:28','Administrator','added','retry interval','',5403),(965,'2014-09-23 16:01:28','Administrator','added','first notification delay','',5403),(966,'2014-09-23 16:01:28','Administrator','added','notification interval','',5403),(967,'2014-09-23 16:01:28','Administrator','added','notification options','',5403),(968,'2014-09-23 16:01:28','Administrator','added','active checking','',5403),(969,'2014-09-23 16:01:28','Administrator','added','passive checking','',5403),(970,'2014-09-23 16:01:28','Administrator','added','notification enabled','',5403),(971,'2014-09-23 16:01:28','Administrator','added','check freshness','',5403),(972,'2014-09-23 16:01:28','Administrator','added','freshness threshold','',5403),(973,'2014-09-23 16:01:28','Administrator','added','event-handler enabled','0',5403),(974,'2014-09-23 16:01:28','Administrator','added','params for check command','!check_cpu!',5403),(975,'2014-09-23 16:01:28','Administrator','assigned','check period','24x7',5403),(976,'2014-09-23 16:01:28','Administrator','assigned','notification period','24x7',5403),(977,'2014-09-23 16:01:28','Administrator','assigned','check command','check_nrpe',5403),(978,'2014-09-23 16:01:28','Administrator','created','service','nagios1: check_root',5404),(979,'2014-09-23 16:01:28','Administrator','added','service name','check_root',5404),(980,'2014-09-23 16:01:28','Administrator','added','service','nagios1: check_root',5402),(981,'2014-09-23 16:01:28','Administrator','added','service enabled','yes',5404),(982,'2014-09-23 16:01:28','Administrator','added','notes','',5404),(983,'2014-09-23 16:01:28','Administrator','added','notes URL','',5404),(984,'2014-09-23 16:01:28','Administrator','added','action URL','/pnp4nagios/graph?host=$HOSTNAME$&srv=$SERVICEDESC$',5404),(985,'2014-09-23 16:01:28','Administrator','added','max check attempts','',5404),(986,'2014-09-23 16:01:28','Administrator','added','check interval','',5404),(987,'2014-09-23 16:01:28','Administrator','added','retry interval','',5404),(988,'2014-09-23 16:01:28','Administrator','added','first notification delay','',5404),(989,'2014-09-23 16:01:28','Administrator','added','notification interval','',5404),(990,'2014-09-23 16:01:28','Administrator','added','notification options','',5404),(991,'2014-09-23 16:01:28','Administrator','added','active checking','',5404),(992,'2014-09-23 16:01:28','Administrator','added','passive checking','',5404),(993,'2014-09-23 16:01:28','Administrator','added','notification enabled','',5404),(994,'2014-09-23 16:01:28','Administrator','added','check freshness','',5404),(995,'2014-09-23 16:01:28','Administrator','added','freshness threshold','',5404),(996,'2014-09-23 16:01:28','Administrator','added','event-handler enabled','0',5404),(997,'2014-09-23 16:01:28','Administrator','added','params for check command','!/!10%!5%',5404),(998,'2014-09-23 16:01:28','Administrator','assigned','check period','24x7',5404),(999,'2014-09-23 16:01:28','Administrator','assigned','notification period','24x7',5404),(1000,'2014-09-23 16:01:28','Administrator','assigned','check command','check_nrpe_diskfree',5404),(1001,'2014-09-23 16:01:28','Administrator','created','service','nagios1: check_boot',NULL),(1002,'2014-09-23 16:01:28','Administrator','added','service name','check_boot',NULL),(1003,'2014-09-23 16:01:28','Administrator','added','service','nagios1: check_boot',5402),(1004,'2014-09-23 16:01:28','Administrator','added','service enabled','yes',NULL),(1005,'2014-09-23 16:01:28','Administrator','added','notes','',NULL),(1006,'2014-09-23 16:01:28','Administrator','added','notes URL','',NULL),(1007,'2014-09-23 16:01:28','Administrator','added','action URL','/pnp4nagios/graph?host=$HOSTNAME$&srv=$SERVICEDESC$',NULL),(1008,'2014-09-23 16:01:28','Administrator','added','max check attempts','',NULL),(1009,'2014-09-23 16:01:28','Administrator','added','check interval','',NULL),(1010,'2014-09-23 16:01:28','Administrator','added','retry interval','',NULL),(1011,'2014-09-23 16:01:28','Administrator','added','first notification delay','',NULL),(1012,'2014-09-23 16:01:28','Administrator','added','notification interval','',NULL),(1013,'2014-09-23 16:01:28','Administrator','added','notification options','',NULL),(1014,'2014-09-23 16:01:28','Administrator','added','active checking','',NULL),(1015,'2014-09-23 16:01:28','Administrator','added','passive checking','',NULL),(1016,'2014-09-23 16:01:28','Administrator','added','notification enabled','',NULL),(1017,'2014-09-23 16:01:28','Administrator','added','check freshness','',NULL),(1018,'2014-09-23 16:01:28','Administrator','added','freshness threshold','',NULL),(1019,'2014-09-23 16:01:28','Administrator','added','event-handler enabled','0',NULL),(1020,'2014-09-23 16:01:28','Administrator','added','params for check command','!/boot!10%!5%',NULL),(1021,'2014-09-23 16:01:28','Administrator','assigned','check period','24x7',NULL),(1022,'2014-09-23 16:01:28','Administrator','assigned','notification period','24x7',NULL),(1023,'2014-09-23 16:01:28','Administrator','assigned','check command','check_nrpe_diskfree',NULL),(1024,'2014-09-23 16:01:28','Administrator','created','service','nagios1: check_mem',5406),(1025,'2014-09-23 16:01:28','Administrator','added','service name','check_mem',5406),(1026,'2014-09-23 16:01:28','Administrator','added','service','nagios1: check_mem',5402),(1027,'2014-09-23 16:01:28','Administrator','added','service enabled','yes',5406),(1028,'2014-09-23 16:01:28','Administrator','added','notes','',5406),(1029,'2014-09-23 16:01:28','Administrator','added','notes URL','',5406),(1030,'2014-09-23 16:01:28','Administrator','added','action URL','/pnp4nagios/graph?host=$HOSTNAME$&srv=$SERVICEDESC$',5406),(1031,'2014-09-23 16:01:28','Administrator','added','max check attempts','',5406),(1032,'2014-09-23 16:01:28','Administrator','added','check interval','',5406),(1033,'2014-09-23 16:01:28','Administrator','added','retry interval','',5406),(1034,'2014-09-23 16:01:28','Administrator','added','first notification delay','',5406),(1035,'2014-09-23 16:01:28','Administrator','added','notification interval','',5406),(1036,'2014-09-23 16:01:28','Administrator','added','notification options','',5406),(1037,'2014-09-23 16:01:28','Administrator','added','active checking','',5406),(1038,'2014-09-23 16:01:28','Administrator','added','passive checking','',5406),(1039,'2014-09-23 16:01:28','Administrator','added','notification enabled','',5406),(1040,'2014-09-23 16:01:28','Administrator','added','check freshness','',5406),(1041,'2014-09-23 16:01:28','Administrator','added','freshness threshold','',5406),(1042,'2014-09-23 16:01:28','Administrator','added','event-handler enabled','0',5406),(1043,'2014-09-23 16:01:28','Administrator','added','params for check command','!90!95',5406),(1044,'2014-09-23 16:01:28','Administrator','assigned','check period','24x7',5406),(1045,'2014-09-23 16:01:28','Administrator','assigned','notification period','24x7',5406),(1046,'2014-09-23 16:01:28','Administrator','assigned','check command','check_nrpe_mem',5406),(1047,'2014-09-23 16:01:28','Administrator','created','service','nagios1: check_uptime',5407),(1048,'2014-09-23 16:01:28','Administrator','added','service name','check_uptime',5407),(1049,'2014-09-23 16:01:28','Administrator','added','service','nagios1: check_uptime',5402),(1050,'2014-09-23 16:01:28','Administrator','added','service enabled','yes',5407),(1051,'2014-09-23 16:01:28','Administrator','added','notes','',5407),(1052,'2014-09-23 16:01:28','Administrator','added','notes URL','',5407),(1053,'2014-09-23 16:01:28','Administrator','added','action URL','/pnp4nagios/graph?host=$HOSTNAME$&srv=$SERVICEDESC$',5407),(1054,'2014-09-23 16:01:28','Administrator','added','max check attempts','',5407),(1055,'2014-09-23 16:01:28','Administrator','added','check interval','',5407),(1056,'2014-09-23 16:01:28','Administrator','added','retry interval','',5407),(1057,'2014-09-23 16:01:28','Administrator','added','first notification delay','',5407),(1058,'2014-09-23 16:01:28','Administrator','added','notification interval','',5407),(1059,'2014-09-23 16:01:28','Administrator','added','notification options','',5407),(1060,'2014-09-23 16:01:28','Administrator','added','active checking','',5407),(1061,'2014-09-23 16:01:28','Administrator','added','passive checking','',5407),(1062,'2014-09-23 16:01:28','Administrator','added','notification enabled','',5407),(1063,'2014-09-23 16:01:28','Administrator','added','check freshness','',5407),(1064,'2014-09-23 16:01:28','Administrator','added','freshness threshold','',5407),(1065,'2014-09-23 16:01:28','Administrator','added','event-handler enabled','0',5407),(1066,'2014-09-23 16:01:29','Administrator','added','params for check command','!check_uptime!',5407),(1067,'2014-09-23 16:01:29','Administrator','assigned','check period','24x7',5407),(1068,'2014-09-23 16:01:29','Administrator','assigned','notification period','24x7',5407),(1069,'2014-09-23 16:01:29','Administrator','assigned','check command','check_nrpe',5407),(1070,'2014-09-23 16:01:29','Administrator','created','service','nagios1: mysql_nconf',5408),(1071,'2014-09-23 16:01:29','Administrator','added','service name','mysql_nconf',5408),(1072,'2014-09-23 16:01:29','Administrator','added','service','nagios1: mysql_nconf',5402),(1073,'2014-09-23 16:01:29','Administrator','added','service enabled','yes',5408),(1074,'2014-09-23 16:01:29','Administrator','added','notes','',5408),(1075,'2014-09-23 16:01:29','Administrator','added','notes URL','',5408),(1076,'2014-09-23 16:01:29','Administrator','added','action URL','/pnp4nagios/graph?host=$HOSTNAME$&srv=$SERVICEDESC$',5408),(1077,'2014-09-23 16:01:29','Administrator','added','max check attempts','',5408),(1078,'2014-09-23 16:01:29','Administrator','added','check interval','',5408),(1079,'2014-09-23 16:01:29','Administrator','added','retry interval','',5408),(1080,'2014-09-23 16:01:29','Administrator','added','first notification delay','',5408),(1081,'2014-09-23 16:01:29','Administrator','added','notification interval','',5408),(1082,'2014-09-23 16:01:29','Administrator','added','notification options','',5408),(1083,'2014-09-23 16:01:29','Administrator','added','active checking','',5408),(1084,'2014-09-23 16:01:29','Administrator','added','passive checking','',5408),(1085,'2014-09-23 16:01:29','Administrator','added','notification enabled','',5408),(1086,'2014-09-23 16:01:29','Administrator','added','check freshness','',5408),(1087,'2014-09-23 16:01:29','Administrator','added','freshness threshold','',5408),(1088,'2014-09-23 16:01:29','Administrator','added','event-handler enabled','0',5408),(1089,'2014-09-23 16:01:29','Administrator','added','params for check command','!check_mysql_nconf!',5408),(1090,'2014-09-23 16:01:29','Administrator','assigned','check period','24x7',5408),(1091,'2014-09-23 16:01:29','Administrator','assigned','notification period','24x7',5408),(1092,'2014-09-23 16:01:29','Administrator','assigned','check command','check_nrpe',5408),(1093,'2014-09-23 16:01:29','Administrator','created','service','nagios1: debian_updates',5409),(1094,'2014-09-23 16:01:29','Administrator','added','service name','debian_updates',5409),(1095,'2014-09-23 16:01:29','Administrator','added','service','nagios1: debian_updates',5402),(1096,'2014-09-23 16:01:29','Administrator','added','service enabled','yes',5409),(1097,'2014-09-23 16:01:29','Administrator','added','notes','',5409),(1098,'2014-09-23 16:01:29','Administrator','added','notes URL','',5409),(1099,'2014-09-23 16:01:29','Administrator','added','action URL','/pnp4nagios/graph?host=$HOSTNAME$&srv=$SERVICEDESC$',5409),(1100,'2014-09-23 16:01:29','Administrator','added','max check attempts','',5409),(1101,'2014-09-23 16:01:29','Administrator','added','check interval','',5409),(1102,'2014-09-23 16:01:29','Administrator','added','retry interval','',5409),(1103,'2014-09-23 16:01:29','Administrator','added','first notification delay','',5409),(1104,'2014-09-23 16:01:29','Administrator','added','notification interval','',5409),(1105,'2014-09-23 16:01:29','Administrator','added','notification options','',5409),(1106,'2014-09-23 16:01:29','Administrator','added','active checking','',5409),(1107,'2014-09-23 16:01:29','Administrator','added','passive checking','',5409),(1108,'2014-09-23 16:01:29','Administrator','added','notification enabled','',5409),(1109,'2014-09-23 16:01:29','Administrator','added','check freshness','',5409),(1110,'2014-09-23 16:01:29','Administrator','added','freshness threshold','',5409),(1111,'2014-09-23 16:01:29','Administrator','added','event-handler enabled','0',5409),(1112,'2014-09-23 16:01:29','Administrator','added','params for check command','!check_debian_apt!',5409),(1113,'2014-09-23 16:01:29','Administrator','assigned','check period','24x7',5409),(1114,'2014-09-23 16:01:29','Administrator','assigned','notification period','24x7',5409),(1115,'2014-09-23 16:01:29','Administrator','assigned','check command','check_nrpe',5409),(1116,'2014-09-23 16:01:41','Administrator','general','config','generating...',NULL),(1117,'2014-09-23 16:01:42','Administrator','general','config','generated successfully',NULL),(1118,'2014-09-23 16:01:44','Administrator','module','deploy local','extract config locally (OK)',NULL),(1119,'2014-09-23 16:01:44','Administrator','module','deploy scp','scp upload collector config (OK)',NULL),(1120,'2014-09-23 16:01:44','Administrator','module','deploy scp','scp upload global config (OK)',NULL),(1121,'2014-09-23 16:02:05','Administrator','general','config','generating...',NULL),(1122,'2014-09-23 16:02:05','Administrator','general','config','generated successfully',NULL),(1123,'2014-09-23 16:02:07','Administrator','module','deploy local','extract config locally (OK)',NULL),(1124,'2014-09-23 16:02:07','Administrator','module','deploy scp','scp upload collector config (OK)',NULL),(1125,'2014-09-23 16:02:07','Administrator','module','deploy scp','scp upload global config (OK)',NULL),(1126,'2014-09-23 16:26:42','Administrator','created','host','nagios2',NULL),(1127,'2014-09-23 16:26:42','Administrator','added','hostname','nagios2',NULL),(1128,'2014-09-23 16:26:42','Administrator','added','alias','nagios2',NULL),(1129,'2014-09-23 16:26:42','Administrator','added','address','192.168.55.132',NULL),(1130,'2014-09-23 16:26:42','Administrator','added','host is collector','no',NULL),(1131,'2014-09-23 16:26:42','Administrator','added','notes','',NULL),(1132,'2014-09-23 16:26:42','Administrator','added','notes URL','',NULL),(1133,'2014-09-23 16:26:42','Administrator','added','action URL','/pnp4nagios/graph?host=$HOSTNAME$',NULL),(1134,'2014-09-23 16:26:42','Administrator','added','max check attempts','',NULL),(1135,'2014-09-23 16:26:42','Administrator','added','check interval','',NULL),(1136,'2014-09-23 16:26:42','Administrator','added','retry interval','',NULL),(1137,'2014-09-23 16:26:42','Administrator','added','first notification delay','',NULL),(1138,'2014-09-23 16:26:42','Administrator','added','notification interval','',NULL),(1139,'2014-09-23 16:26:42','Administrator','added','notification options','',NULL),(1140,'2014-09-23 16:26:42','Administrator','added','active checking','',NULL),(1141,'2014-09-23 16:26:42','Administrator','added','passive checking','',NULL),(1142,'2014-09-23 16:26:42','Administrator','added','notification enabled','',NULL),(1143,'2014-09-23 16:26:42','Administrator','added','check freshness','',NULL),(1144,'2014-09-23 16:26:42','Administrator','added','freshness threshold','',NULL),(1145,'2014-09-23 16:26:42','Administrator','assigned','OS','Linux',NULL),(1146,'2014-09-23 16:26:42','Administrator','assigned','monitored by','server',NULL),(1147,'2014-09-23 16:26:42','Administrator','assigned','assign host to hostgroup','linux-servers',NULL),(1148,'2014-09-23 16:26:42','Administrator','assigned','host preset','linux-server',NULL),(1149,'2014-09-23 16:26:42','Administrator','assigned','host template(s)','linux-server',NULL),(1150,'2014-09-23 16:26:42','Administrator','created','service','nagios2: check_cpu',NULL),(1151,'2014-09-23 16:26:42','Administrator','added','service name','check_cpu',NULL),(1152,'2014-09-23 16:26:42','Administrator','added','service','nagios2: check_cpu',NULL),(1153,'2014-09-23 16:26:42','Administrator','added','service enabled','yes',NULL),(1154,'2014-09-23 16:26:42','Administrator','added','notes','',NULL),(1155,'2014-09-23 16:26:42','Administrator','added','notes URL','',NULL),(1156,'2014-09-23 16:26:42','Administrator','added','action URL','/pnp4nagios/graph?host=$HOSTNAME$&srv=$SERVICEDESC$',NULL),(1157,'2014-09-23 16:26:42','Administrator','added','max check attempts','',NULL),(1158,'2014-09-23 16:26:42','Administrator','added','check interval','',NULL),(1159,'2014-09-23 16:26:42','Administrator','added','retry interval','',NULL),(1160,'2014-09-23 16:26:42','Administrator','added','first notification delay','',NULL),(1161,'2014-09-23 16:26:42','Administrator','added','notification interval','',NULL),(1162,'2014-09-23 16:26:42','Administrator','added','notification options','',NULL),(1163,'2014-09-23 16:26:42','Administrator','added','active checking','',NULL),(1164,'2014-09-23 16:26:42','Administrator','added','passive checking','',NULL),(1165,'2014-09-23 16:26:42','Administrator','added','notification enabled','',NULL),(1166,'2014-09-23 16:26:42','Administrator','added','check freshness','',NULL),(1167,'2014-09-23 16:26:42','Administrator','added','freshness threshold','',NULL),(1168,'2014-09-23 16:26:42','Administrator','added','event-handler enabled','0',NULL),(1169,'2014-09-23 16:26:42','Administrator','added','params for check command','!check_cpu!',NULL),(1170,'2014-09-23 16:26:42','Administrator','assigned','check period','24x7',NULL),(1171,'2014-09-23 16:26:42','Administrator','assigned','notification period','24x7',NULL),(1172,'2014-09-23 16:26:42','Administrator','assigned','check command','check_nrpe',NULL),(1173,'2014-09-23 16:26:42','Administrator','created','service','nagios2: check_root',NULL),(1174,'2014-09-23 16:26:42','Administrator','added','service name','check_root',NULL),(1175,'2014-09-23 16:26:42','Administrator','added','service','nagios2: check_root',NULL),(1176,'2014-09-23 16:26:42','Administrator','added','service enabled','yes',NULL),(1177,'2014-09-23 16:26:42','Administrator','added','notes','',NULL),(1178,'2014-09-23 16:26:42','Administrator','added','notes URL','',NULL),(1179,'2014-09-23 16:26:42','Administrator','added','action URL','/pnp4nagios/graph?host=$HOSTNAME$&srv=$SERVICEDESC$',NULL),(1180,'2014-09-23 16:26:42','Administrator','added','max check attempts','',NULL),(1181,'2014-09-23 16:26:42','Administrator','added','check interval','',NULL),(1182,'2014-09-23 16:26:42','Administrator','added','retry interval','',NULL),(1183,'2014-09-23 16:26:42','Administrator','added','first notification delay','',NULL),(1184,'2014-09-23 16:26:42','Administrator','added','notification interval','',NULL),(1185,'2014-09-23 16:26:42','Administrator','added','notification options','',NULL),(1186,'2014-09-23 16:26:42','Administrator','added','active checking','',NULL),(1187,'2014-09-23 16:26:42','Administrator','added','passive checking','',NULL),(1188,'2014-09-23 16:26:42','Administrator','added','notification enabled','',NULL),(1189,'2014-09-23 16:26:42','Administrator','added','check freshness','',NULL),(1190,'2014-09-23 16:26:42','Administrator','added','freshness threshold','',NULL),(1191,'2014-09-23 16:26:42','Administrator','added','event-handler enabled','0',NULL),(1192,'2014-09-23 16:26:42','Administrator','added','params for check command','!/!10%!5%',NULL),(1193,'2014-09-23 16:26:42','Administrator','assigned','check period','24x7',NULL),(1194,'2014-09-23 16:26:42','Administrator','assigned','notification period','24x7',NULL),(1195,'2014-09-23 16:26:42','Administrator','assigned','check command','check_nrpe_diskfree',NULL),(1196,'2014-09-23 16:26:42','Administrator','created','service','nagios2: check_boot',NULL),(1197,'2014-09-23 16:26:42','Administrator','added','service name','check_boot',NULL),(1198,'2014-09-23 16:26:42','Administrator','added','service','nagios2: check_boot',NULL),(1199,'2014-09-23 16:26:42','Administrator','added','service enabled','yes',NULL),(1200,'2014-09-23 16:26:42','Administrator','added','notes','',NULL),(1201,'2014-09-23 16:26:42','Administrator','added','notes URL','',NULL),(1202,'2014-09-23 16:26:42','Administrator','added','action URL','/pnp4nagios/graph?host=$HOSTNAME$&srv=$SERVICEDESC$',NULL),(1203,'2014-09-23 16:26:42','Administrator','added','max check attempts','',NULL),(1204,'2014-09-23 16:26:42','Administrator','added','check interval','',NULL),(1205,'2014-09-23 16:26:42','Administrator','added','retry interval','',NULL),(1206,'2014-09-23 16:26:42','Administrator','added','first notification delay','',NULL),(1207,'2014-09-23 16:26:42','Administrator','added','notification interval','',NULL),(1208,'2014-09-23 16:26:42','Administrator','added','notification options','',NULL),(1209,'2014-09-23 16:26:42','Administrator','added','active checking','',NULL),(1210,'2014-09-23 16:26:42','Administrator','added','passive checking','',NULL),(1211,'2014-09-23 16:26:42','Administrator','added','notification enabled','',NULL),(1212,'2014-09-23 16:26:42','Administrator','added','check freshness','',NULL),(1213,'2014-09-23 16:26:42','Administrator','added','freshness threshold','',NULL),(1214,'2014-09-23 16:26:42','Administrator','added','event-handler enabled','0',NULL),(1215,'2014-09-23 16:26:42','Administrator','added','params for check command','!/boot!10%!5%',NULL),(1216,'2014-09-23 16:26:42','Administrator','assigned','check period','24x7',NULL),(1217,'2014-09-23 16:26:42','Administrator','assigned','notification period','24x7',NULL),(1218,'2014-09-23 16:26:42','Administrator','assigned','check command','check_nrpe_diskfree',NULL),(1219,'2014-09-23 16:26:42','Administrator','created','service','nagios2: check_mem',NULL),(1220,'2014-09-23 16:26:42','Administrator','added','service name','check_mem',NULL),(1221,'2014-09-23 16:26:42','Administrator','added','service','nagios2: check_mem',NULL),(1222,'2014-09-23 16:26:42','Administrator','added','service enabled','yes',NULL),(1223,'2014-09-23 16:26:42','Administrator','added','notes','',NULL),(1224,'2014-09-23 16:26:42','Administrator','added','notes URL','',NULL),(1225,'2014-09-23 16:26:42','Administrator','added','action URL','/pnp4nagios/graph?host=$HOSTNAME$&srv=$SERVICEDESC$',NULL),(1226,'2014-09-23 16:26:42','Administrator','added','max check attempts','',NULL),(1227,'2014-09-23 16:26:42','Administrator','added','check interval','',NULL),(1228,'2014-09-23 16:26:42','Administrator','added','retry interval','',NULL),(1229,'2014-09-23 16:26:42','Administrator','added','first notification delay','',NULL),(1230,'2014-09-23 16:26:42','Administrator','added','notification interval','',NULL),(1231,'2014-09-23 16:26:42','Administrator','added','notification options','',NULL),(1232,'2014-09-23 16:26:42','Administrator','added','active checking','',NULL),(1233,'2014-09-23 16:26:42','Administrator','added','passive checking','',NULL),(1234,'2014-09-23 16:26:42','Administrator','added','notification enabled','',NULL),(1235,'2014-09-23 16:26:42','Administrator','added','check freshness','',NULL),(1236,'2014-09-23 16:26:42','Administrator','added','freshness threshold','',NULL),(1237,'2014-09-23 16:26:42','Administrator','added','event-handler enabled','0',NULL),(1238,'2014-09-23 16:26:42','Administrator','added','params for check command','!90!95',NULL),(1239,'2014-09-23 16:26:42','Administrator','assigned','check period','24x7',NULL),(1240,'2014-09-23 16:26:42','Administrator','assigned','notification period','24x7',NULL),(1241,'2014-09-23 16:26:42','Administrator','assigned','check command','check_nrpe_mem',NULL),(1242,'2014-09-23 16:26:42','Administrator','created','service','nagios2: check_uptime',NULL),(1243,'2014-09-23 16:26:42','Administrator','added','service name','check_uptime',NULL),(1244,'2014-09-23 16:26:42','Administrator','added','service','nagios2: check_uptime',NULL),(1245,'2014-09-23 16:26:42','Administrator','added','service enabled','yes',NULL),(1246,'2014-09-23 16:26:42','Administrator','added','notes','',NULL),(1247,'2014-09-23 16:26:42','Administrator','added','notes URL','',NULL),(1248,'2014-09-23 16:26:42','Administrator','added','action URL','/pnp4nagios/graph?host=$HOSTNAME$&srv=$SERVICEDESC$',NULL),(1249,'2014-09-23 16:26:42','Administrator','added','max check attempts','',NULL),(1250,'2014-09-23 16:26:42','Administrator','added','check interval','',NULL),(1251,'2014-09-23 16:26:42','Administrator','added','retry interval','',NULL),(1252,'2014-09-23 16:26:42','Administrator','added','first notification delay','',NULL),(1253,'2014-09-23 16:26:42','Administrator','added','notification interval','',NULL),(1254,'2014-09-23 16:26:42','Administrator','added','notification options','',NULL),(1255,'2014-09-23 16:26:42','Administrator','added','active checking','',NULL),(1256,'2014-09-23 16:26:42','Administrator','added','passive checking','',NULL),(1257,'2014-09-23 16:26:42','Administrator','added','notification enabled','',NULL),(1258,'2014-09-23 16:26:42','Administrator','added','check freshness','',NULL),(1259,'2014-09-23 16:26:42','Administrator','added','freshness threshold','',NULL),(1260,'2014-09-23 16:26:42','Administrator','added','event-handler enabled','0',NULL),(1261,'2014-09-23 16:26:42','Administrator','added','params for check command','!check_uptime!',NULL),(1262,'2014-09-23 16:26:42','Administrator','assigned','check period','24x7',NULL),(1263,'2014-09-23 16:26:42','Administrator','assigned','notification period','24x7',NULL),(1264,'2014-09-23 16:26:42','Administrator','assigned','check command','check_nrpe',NULL),(1265,'2014-09-23 16:26:42','Administrator','created','service','nagios2: mysql_nconf',NULL),(1266,'2014-09-23 16:26:42','Administrator','added','service name','mysql_nconf',NULL),(1267,'2014-09-23 16:26:42','Administrator','added','service','nagios2: mysql_nconf',NULL),(1268,'2014-09-23 16:26:42','Administrator','added','service enabled','yes',NULL),(1269,'2014-09-23 16:26:42','Administrator','added','notes','',NULL),(1270,'2014-09-23 16:26:42','Administrator','added','notes URL','',NULL),(1271,'2014-09-23 16:26:42','Administrator','added','action URL','/pnp4nagios/graph?host=$HOSTNAME$&srv=$SERVICEDESC$',NULL),(1272,'2014-09-23 16:26:42','Administrator','added','max check attempts','',NULL),(1273,'2014-09-23 16:26:42','Administrator','added','check interval','',NULL),(1274,'2014-09-23 16:26:42','Administrator','added','retry interval','',NULL),(1275,'2014-09-23 16:26:42','Administrator','added','first notification delay','',NULL),(1276,'2014-09-23 16:26:42','Administrator','added','notification interval','',NULL),(1277,'2014-09-23 16:26:42','Administrator','added','notification options','',NULL),(1278,'2014-09-23 16:26:42','Administrator','added','active checking','',NULL),(1279,'2014-09-23 16:26:42','Administrator','added','passive checking','',NULL),(1280,'2014-09-23 16:26:42','Administrator','added','notification enabled','',NULL),(1281,'2014-09-23 16:26:42','Administrator','added','check freshness','',NULL),(1282,'2014-09-23 16:26:42','Administrator','added','freshness threshold','',NULL),(1283,'2014-09-23 16:26:42','Administrator','added','event-handler enabled','0',NULL),(1284,'2014-09-23 16:26:42','Administrator','added','params for check command','!check_mysql_nconf!',NULL),(1285,'2014-09-23 16:26:42','Administrator','assigned','check period','24x7',NULL),(1286,'2014-09-23 16:26:42','Administrator','assigned','notification period','24x7',NULL),(1287,'2014-09-23 16:26:42','Administrator','assigned','check command','check_nrpe',NULL),(1288,'2014-09-23 16:26:42','Administrator','created','service','nagios2: debian_updates',NULL),(1289,'2014-09-23 16:26:42','Administrator','added','service name','debian_updates',NULL),(1290,'2014-09-23 16:26:42','Administrator','added','service','nagios2: debian_updates',NULL),(1291,'2014-09-23 16:26:42','Administrator','added','service enabled','yes',NULL),(1292,'2014-09-23 16:26:42','Administrator','added','notes','',NULL),(1293,'2014-09-23 16:26:42','Administrator','added','notes URL','',NULL),(1294,'2014-09-23 16:26:42','Administrator','added','action URL','/pnp4nagios/graph?host=$HOSTNAME$&srv=$SERVICEDESC$',NULL),(1295,'2014-09-23 16:26:42','Administrator','added','max check attempts','',NULL),(1296,'2014-09-23 16:26:43','Administrator','added','check interval','',NULL),(1297,'2014-09-23 16:26:43','Administrator','added','retry interval','',NULL),(1298,'2014-09-23 16:26:43','Administrator','added','first notification delay','',NULL),(1299,'2014-09-23 16:26:43','Administrator','added','notification interval','',NULL),(1300,'2014-09-23 16:26:43','Administrator','added','notification options','',NULL),(1301,'2014-09-23 16:26:43','Administrator','added','active checking','',NULL),(1302,'2014-09-23 16:26:43','Administrator','added','passive checking','',NULL),(1303,'2014-09-23 16:26:43','Administrator','added','notification enabled','',NULL),(1304,'2014-09-23 16:26:43','Administrator','added','check freshness','',NULL),(1305,'2014-09-23 16:26:43','Administrator','added','freshness threshold','',NULL),(1306,'2014-09-23 16:26:43','Administrator','added','event-handler enabled','0',NULL),(1307,'2014-09-23 16:26:43','Administrator','added','params for check command','!check_debian_apt!',NULL),(1308,'2014-09-23 16:26:43','Administrator','assigned','check period','24x7',NULL),(1309,'2014-09-23 16:26:43','Administrator','assigned','notification period','24x7',NULL),(1310,'2014-09-23 16:26:43','Administrator','assigned','check command','check_nrpe',NULL),(1311,'2014-09-23 16:27:10','Administrator','created','host','nagiosdb',NULL),(1312,'2014-09-23 16:27:10','Administrator','added','hostname','nagiosdb',NULL),(1313,'2014-09-23 16:27:10','Administrator','added','alias','nagiosdb',NULL),(1314,'2014-09-23 16:27:10','Administrator','added','address','192.168.55.130',NULL),(1315,'2014-09-23 16:27:10','Administrator','added','host is collector','no',NULL),(1316,'2014-09-23 16:27:10','Administrator','added','notes','',NULL),(1317,'2014-09-23 16:27:10','Administrator','added','notes URL','',NULL),(1318,'2014-09-23 16:27:10','Administrator','added','action URL','/pnp4nagios/graph?host=$HOSTNAME$',NULL),(1319,'2014-09-23 16:27:10','Administrator','added','max check attempts','',NULL),(1320,'2014-09-23 16:27:10','Administrator','added','check interval','',NULL),(1321,'2014-09-23 16:27:10','Administrator','added','retry interval','',NULL),(1322,'2014-09-23 16:27:10','Administrator','added','first notification delay','',NULL),(1323,'2014-09-23 16:27:10','Administrator','added','notification interval','',NULL),(1324,'2014-09-23 16:27:10','Administrator','added','notification options','',NULL),(1325,'2014-09-23 16:27:10','Administrator','added','active checking','',NULL),(1326,'2014-09-23 16:27:10','Administrator','added','passive checking','',NULL),(1327,'2014-09-23 16:27:10','Administrator','added','notification enabled','',NULL),(1328,'2014-09-23 16:27:10','Administrator','added','check freshness','',NULL),(1329,'2014-09-23 16:27:10','Administrator','added','freshness threshold','',NULL),(1330,'2014-09-23 16:27:10','Administrator','assigned','OS','Linux',NULL),(1331,'2014-09-23 16:27:10','Administrator','assigned','monitored by','server',NULL),(1332,'2014-09-23 16:27:10','Administrator','assigned','assign host to hostgroup','linux-servers',NULL),(1333,'2014-09-23 16:27:10','Administrator','assigned','host preset','linux-server',NULL),(1334,'2014-09-23 16:27:10','Administrator','assigned','host template(s)','linux-server',NULL),(1335,'2014-09-23 16:27:10','Administrator','created','service','nagiosdb: check_cpu',NULL),(1336,'2014-09-23 16:27:10','Administrator','added','service name','check_cpu',NULL),(1337,'2014-09-23 16:27:10','Administrator','added','service','nagiosdb: check_cpu',NULL),(1338,'2014-09-23 16:27:10','Administrator','added','service enabled','yes',NULL),(1339,'2014-09-23 16:27:10','Administrator','added','notes','',NULL),(1340,'2014-09-23 16:27:10','Administrator','added','notes URL','',NULL),(1341,'2014-09-23 16:27:10','Administrator','added','action URL','/pnp4nagios/graph?host=$HOSTNAME$&srv=$SERVICEDESC$',NULL),(1342,'2014-09-23 16:27:10','Administrator','added','max check attempts','',NULL),(1343,'2014-09-23 16:27:10','Administrator','added','check interval','',NULL),(1344,'2014-09-23 16:27:10','Administrator','added','retry interval','',NULL),(1345,'2014-09-23 16:27:10','Administrator','added','first notification delay','',NULL),(1346,'2014-09-23 16:27:10','Administrator','added','notification interval','',NULL),(1347,'2014-09-23 16:27:10','Administrator','added','notification options','',NULL),(1348,'2014-09-23 16:27:10','Administrator','added','active checking','',NULL),(1349,'2014-09-23 16:27:10','Administrator','added','passive checking','',NULL),(1350,'2014-09-23 16:27:10','Administrator','added','notification enabled','',NULL),(1351,'2014-09-23 16:27:10','Administrator','added','check freshness','',NULL),(1352,'2014-09-23 16:27:10','Administrator','added','freshness threshold','',NULL),(1353,'2014-09-23 16:27:10','Administrator','added','event-handler enabled','0',NULL),(1354,'2014-09-23 16:27:10','Administrator','added','params for check command','!check_cpu!',NULL),(1355,'2014-09-23 16:27:10','Administrator','assigned','check period','24x7',NULL),(1356,'2014-09-23 16:27:10','Administrator','assigned','notification period','24x7',NULL),(1357,'2014-09-23 16:27:10','Administrator','assigned','check command','check_nrpe',NULL),(1358,'2014-09-23 16:27:10','Administrator','created','service','nagiosdb: check_root',NULL),(1359,'2014-09-23 16:27:10','Administrator','added','service name','check_root',NULL),(1360,'2014-09-23 16:27:10','Administrator','added','service','nagiosdb: check_root',NULL),(1361,'2014-09-23 16:27:10','Administrator','added','service enabled','yes',NULL),(1362,'2014-09-23 16:27:10','Administrator','added','notes','',NULL),(1363,'2014-09-23 16:27:10','Administrator','added','notes URL','',NULL),(1364,'2014-09-23 16:27:10','Administrator','added','action URL','/pnp4nagios/graph?host=$HOSTNAME$&srv=$SERVICEDESC$',NULL),(1365,'2014-09-23 16:27:10','Administrator','added','max check attempts','',NULL),(1366,'2014-09-23 16:27:10','Administrator','added','check interval','',NULL),(1367,'2014-09-23 16:27:10','Administrator','added','retry interval','',NULL),(1368,'2014-09-23 16:27:10','Administrator','added','first notification delay','',NULL),(1369,'2014-09-23 16:27:10','Administrator','added','notification interval','',NULL),(1370,'2014-09-23 16:27:10','Administrator','added','notification options','',NULL),(1371,'2014-09-23 16:27:10','Administrator','added','active checking','',NULL),(1372,'2014-09-23 16:27:11','Administrator','added','passive checking','',NULL),(1373,'2014-09-23 16:27:11','Administrator','added','notification enabled','',NULL),(1374,'2014-09-23 16:27:11','Administrator','added','check freshness','',NULL),(1375,'2014-09-23 16:27:11','Administrator','added','freshness threshold','',NULL),(1376,'2014-09-23 16:27:11','Administrator','added','event-handler enabled','0',NULL),(1377,'2014-09-23 16:27:11','Administrator','added','params for check command','!/!10%!5%',NULL),(1378,'2014-09-23 16:27:11','Administrator','assigned','check period','24x7',NULL),(1379,'2014-09-23 16:27:11','Administrator','assigned','notification period','24x7',NULL),(1380,'2014-09-23 16:27:11','Administrator','assigned','check command','check_nrpe_diskfree',NULL),(1381,'2014-09-23 16:27:11','Administrator','created','service','nagiosdb: check_boot',NULL),(1382,'2014-09-23 16:27:11','Administrator','added','service name','check_boot',NULL),(1383,'2014-09-23 16:27:11','Administrator','added','service','nagiosdb: check_boot',NULL),(1384,'2014-09-23 16:27:11','Administrator','added','service enabled','yes',NULL),(1385,'2014-09-23 16:27:11','Administrator','added','notes','',NULL),(1386,'2014-09-23 16:27:11','Administrator','added','notes URL','',NULL),(1387,'2014-09-23 16:27:11','Administrator','added','action URL','/pnp4nagios/graph?host=$HOSTNAME$&srv=$SERVICEDESC$',NULL),(1388,'2014-09-23 16:27:11','Administrator','added','max check attempts','',NULL),(1389,'2014-09-23 16:27:11','Administrator','added','check interval','',NULL),(1390,'2014-09-23 16:27:11','Administrator','added','retry interval','',NULL),(1391,'2014-09-23 16:27:11','Administrator','added','first notification delay','',NULL),(1392,'2014-09-23 16:27:11','Administrator','added','notification interval','',NULL),(1393,'2014-09-23 16:27:11','Administrator','added','notification options','',NULL),(1394,'2014-09-23 16:27:11','Administrator','added','active checking','',NULL),(1395,'2014-09-23 16:27:11','Administrator','added','passive checking','',NULL),(1396,'2014-09-23 16:27:11','Administrator','added','notification enabled','',NULL),(1397,'2014-09-23 16:27:11','Administrator','added','check freshness','',NULL),(1398,'2014-09-23 16:27:11','Administrator','added','freshness threshold','',NULL),(1399,'2014-09-23 16:27:11','Administrator','added','event-handler enabled','0',NULL),(1400,'2014-09-23 16:27:11','Administrator','added','params for check command','!/boot!10%!5%',NULL),(1401,'2014-09-23 16:27:11','Administrator','assigned','check period','24x7',NULL),(1402,'2014-09-23 16:27:11','Administrator','assigned','notification period','24x7',NULL),(1403,'2014-09-23 16:27:11','Administrator','assigned','check command','check_nrpe_diskfree',NULL),(1404,'2014-09-23 16:27:11','Administrator','created','service','nagiosdb: check_mem',NULL),(1405,'2014-09-23 16:27:11','Administrator','added','service name','check_mem',NULL),(1406,'2014-09-23 16:27:11','Administrator','added','service','nagiosdb: check_mem',NULL),(1407,'2014-09-23 16:27:11','Administrator','added','service enabled','yes',NULL),(1408,'2014-09-23 16:27:11','Administrator','added','notes','',NULL),(1409,'2014-09-23 16:27:11','Administrator','added','notes URL','',NULL),(1410,'2014-09-23 16:27:11','Administrator','added','action URL','/pnp4nagios/graph?host=$HOSTNAME$&srv=$SERVICEDESC$',NULL),(1411,'2014-09-23 16:27:11','Administrator','added','max check attempts','',NULL),(1412,'2014-09-23 16:27:11','Administrator','added','check interval','',NULL),(1413,'2014-09-23 16:27:11','Administrator','added','retry interval','',NULL),(1414,'2014-09-23 16:27:11','Administrator','added','first notification delay','',NULL),(1415,'2014-09-23 16:27:11','Administrator','added','notification interval','',NULL),(1416,'2014-09-23 16:27:11','Administrator','added','notification options','',NULL),(1417,'2014-09-23 16:27:11','Administrator','added','active checking','',NULL),(1418,'2014-09-23 16:27:11','Administrator','added','passive checking','',NULL),(1419,'2014-09-23 16:27:11','Administrator','added','notification enabled','',NULL),(1420,'2014-09-23 16:27:11','Administrator','added','check freshness','',NULL),(1421,'2014-09-23 16:27:11','Administrator','added','freshness threshold','',NULL),(1422,'2014-09-23 16:27:11','Administrator','added','event-handler enabled','0',NULL),(1423,'2014-09-23 16:27:11','Administrator','added','params for check command','!90!95',NULL),(1424,'2014-09-23 16:27:11','Administrator','assigned','check period','24x7',NULL),(1425,'2014-09-23 16:27:11','Administrator','assigned','notification period','24x7',NULL),(1426,'2014-09-23 16:27:11','Administrator','assigned','check command','check_nrpe_mem',NULL),(1427,'2014-09-23 16:27:11','Administrator','created','service','nagiosdb: check_uptime',NULL),(1428,'2014-09-23 16:27:11','Administrator','added','service name','check_uptime',NULL),(1429,'2014-09-23 16:27:11','Administrator','added','service','nagiosdb: check_uptime',NULL),(1430,'2014-09-23 16:27:11','Administrator','added','service enabled','yes',NULL),(1431,'2014-09-23 16:27:11','Administrator','added','notes','',NULL),(1432,'2014-09-23 16:27:11','Administrator','added','notes URL','',NULL),(1433,'2014-09-23 16:27:11','Administrator','added','action URL','/pnp4nagios/graph?host=$HOSTNAME$&srv=$SERVICEDESC$',NULL),(1434,'2014-09-23 16:27:11','Administrator','added','max check attempts','',NULL),(1435,'2014-09-23 16:27:11','Administrator','added','check interval','',NULL),(1436,'2014-09-23 16:27:11','Administrator','added','retry interval','',NULL),(1437,'2014-09-23 16:27:11','Administrator','added','first notification delay','',NULL),(1438,'2014-09-23 16:27:11','Administrator','added','notification interval','',NULL),(1439,'2014-09-23 16:27:11','Administrator','added','notification options','',NULL),(1440,'2014-09-23 16:27:11','Administrator','added','active checking','',NULL),(1441,'2014-09-23 16:27:11','Administrator','added','passive checking','',NULL),(1442,'2014-09-23 16:27:11','Administrator','added','notification enabled','',NULL),(1443,'2014-09-23 16:27:11','Administrator','added','check freshness','',NULL),(1444,'2014-09-23 16:27:11','Administrator','added','freshness threshold','',NULL),(1445,'2014-09-23 16:27:11','Administrator','added','event-handler enabled','0',NULL),(1446,'2014-09-23 16:27:11','Administrator','added','params for check command','!check_uptime!',NULL),(1447,'2014-09-23 16:27:11','Administrator','assigned','check period','24x7',NULL),(1448,'2014-09-23 16:27:11','Administrator','assigned','notification period','24x7',NULL),(1449,'2014-09-23 16:27:11','Administrator','assigned','check command','check_nrpe',NULL),(1450,'2014-09-23 16:27:11','Administrator','created','service','nagiosdb: mysql_nconf',NULL),(1451,'2014-09-23 16:27:11','Administrator','added','service name','mysql_nconf',NULL),(1452,'2014-09-23 16:27:11','Administrator','added','service','nagiosdb: mysql_nconf',NULL),(1453,'2014-09-23 16:27:11','Administrator','added','service enabled','yes',NULL),(1454,'2014-09-23 16:27:11','Administrator','added','notes','',NULL),(1455,'2014-09-23 16:27:11','Administrator','added','notes URL','',NULL),(1456,'2014-09-23 16:27:11','Administrator','added','action URL','/pnp4nagios/graph?host=$HOSTNAME$&srv=$SERVICEDESC$',NULL),(1457,'2014-09-23 16:27:11','Administrator','added','max check attempts','',NULL),(1458,'2014-09-23 16:27:11','Administrator','added','check interval','',NULL),(1459,'2014-09-23 16:27:11','Administrator','added','retry interval','',NULL),(1460,'2014-09-23 16:27:11','Administrator','added','first notification delay','',NULL),(1461,'2014-09-23 16:27:11','Administrator','added','notification interval','',NULL),(1462,'2014-09-23 16:27:11','Administrator','added','notification options','',NULL),(1463,'2014-09-23 16:27:11','Administrator','added','active checking','',NULL),(1464,'2014-09-23 16:27:11','Administrator','added','passive checking','',NULL),(1465,'2014-09-23 16:27:11','Administrator','added','notification enabled','',NULL),(1466,'2014-09-23 16:27:11','Administrator','added','check freshness','',NULL),(1467,'2014-09-23 16:27:11','Administrator','added','freshness threshold','',NULL),(1468,'2014-09-23 16:27:11','Administrator','added','event-handler enabled','0',NULL),(1469,'2014-09-23 16:27:11','Administrator','added','params for check command','!check_mysql_nconf!',NULL),(1470,'2014-09-23 16:27:11','Administrator','assigned','check period','24x7',NULL),(1471,'2014-09-23 16:27:11','Administrator','assigned','notification period','24x7',NULL),(1472,'2014-09-23 16:27:11','Administrator','assigned','check command','check_nrpe',NULL),(1473,'2014-09-23 16:27:11','Administrator','created','service','nagiosdb: debian_updates',NULL),(1474,'2014-09-23 16:27:11','Administrator','added','service name','debian_updates',NULL),(1475,'2014-09-23 16:27:11','Administrator','added','service','nagiosdb: debian_updates',NULL),(1476,'2014-09-23 16:27:11','Administrator','added','service enabled','yes',NULL),(1477,'2014-09-23 16:27:11','Administrator','added','notes','',NULL),(1478,'2014-09-23 16:27:11','Administrator','added','notes URL','',NULL),(1479,'2014-09-23 16:27:11','Administrator','added','action URL','/pnp4nagios/graph?host=$HOSTNAME$&srv=$SERVICEDESC$',NULL),(1480,'2014-09-23 16:27:11','Administrator','added','max check attempts','',NULL),(1481,'2014-09-23 16:27:11','Administrator','added','check interval','',NULL),(1482,'2014-09-23 16:27:11','Administrator','added','retry interval','',NULL),(1483,'2014-09-23 16:27:11','Administrator','added','first notification delay','',NULL),(1484,'2014-09-23 16:27:11','Administrator','added','notification interval','',NULL),(1485,'2014-09-23 16:27:11','Administrator','added','notification options','',NULL),(1486,'2014-09-23 16:27:11','Administrator','added','active checking','',NULL),(1487,'2014-09-23 16:27:11','Administrator','added','passive checking','',NULL),(1488,'2014-09-23 16:27:11','Administrator','added','notification enabled','',NULL),(1489,'2014-09-23 16:27:11','Administrator','added','check freshness','',NULL),(1490,'2014-09-23 16:27:11','Administrator','added','freshness threshold','',NULL),(1491,'2014-09-23 16:27:11','Administrator','added','event-handler enabled','0',NULL),(1492,'2014-09-23 16:27:11','Administrator','added','params for check command','!check_debian_apt!',NULL),(1493,'2014-09-23 16:27:11','Administrator','assigned','check period','24x7',NULL),(1494,'2014-09-23 16:27:11','Administrator','assigned','notification period','24x7',NULL),(1495,'2014-09-23 16:27:11','Administrator','assigned','check command','check_nrpe',NULL),(1496,'2014-09-23 16:27:31','Administrator','general','config','generating...',NULL),(1497,'2014-09-23 16:27:32','Administrator','general','config','generated successfully',NULL),(1498,'2014-09-23 16:27:33','Administrator','module','deploy local','extract config locally (OK)',NULL),(1499,'2014-09-23 16:27:33','Administrator','module','deploy scp','scp upload collector config (OK)',NULL),(1500,'2014-09-23 16:27:33','Administrator','module','deploy scp','scp upload global config (OK)',NULL),(1501,'2014-09-23 16:35:14','Administrator','created','service','nagios1: check_cpu_clone',5426),(1502,'2014-09-23 16:35:14','Administrator','added','service name','check_cpu_clone',5426),(1503,'2014-09-23 16:35:14','Administrator','added','service','nagios1: check_cpu_clone',5402),(1504,'2014-09-23 16:35:14','Administrator','added','service enabled','yes',5426),(1505,'2014-09-23 16:35:14','Administrator','added','notes','',5426),(1506,'2014-09-23 16:35:14','Administrator','added','notes URL','',5426),(1507,'2014-09-23 16:35:14','Administrator','added','action URL','/pnp4nagios/graph?host=$HOSTNAME$&srv=$SERVICEDESC$',5426),(1508,'2014-09-23 16:35:14','Administrator','added','max check attempts','',5426),(1509,'2014-09-23 16:35:14','Administrator','added','check interval','',5426),(1510,'2014-09-23 16:35:14','Administrator','added','retry interval','',5426),(1511,'2014-09-23 16:35:14','Administrator','added','first notification delay','',5426),(1512,'2014-09-23 16:35:14','Administrator','added','notification interval','',5426),(1513,'2014-09-23 16:35:14','Administrator','added','notification options','',5426),(1514,'2014-09-23 16:35:14','Administrator','added','active checking','',5426),(1515,'2014-09-23 16:35:14','Administrator','added','passive checking','',5426),(1516,'2014-09-23 16:35:14','Administrator','added','notification enabled','',5426),(1517,'2014-09-23 16:35:14','Administrator','added','check freshness','',5426),(1518,'2014-09-23 16:35:14','Administrator','added','freshness threshold','',5426),(1519,'2014-09-23 16:35:14','Administrator','added','event-handler enabled','0',5426),(1520,'2014-09-23 16:35:14','Administrator','added','params for check command','!check_cpu!',5426),(1521,'2014-09-23 16:35:14','Administrator','assigned','check period','24x7',5426),(1522,'2014-09-23 16:35:14','Administrator','assigned','notification period','24x7',5426),(1523,'2014-09-23 16:35:14','Administrator','assigned','check command','check_nrpe',5426),(1524,'2014-09-23 16:35:29','Administrator','modified','service name','check_nagios',5426),(1525,'2014-09-23 16:35:29','Administrator','modified','params for check command','!check_nagios!',5426),(1526,'2014-09-23 16:35:29','Administrator','edited','service','nagios1: check_nagios',5426),(1527,'2014-09-23 16:35:37','Administrator','general','config','generating...',NULL),(1528,'2014-09-23 16:35:37','Administrator','general','config','generated successfully',NULL),(1529,'2014-09-23 16:35:39','Administrator','module','deploy local','extract config locally (OK)',NULL),(1530,'2014-09-23 16:35:39','Administrator','module','deploy scp','scp upload collector config (OK)',NULL),(1531,'2014-09-23 16:35:39','Administrator','module','deploy scp','scp upload global config (OK)',NULL),(1532,'2014-09-23 16:36:49','Administrator','created','service','nagios2: check_nagios',NULL),(1533,'2014-09-23 16:36:49','Administrator','added','service name','check_nagios',NULL),(1534,'2014-09-23 16:36:49','Administrator','added','service','nagios2: check_nagios',NULL),(1535,'2014-09-23 16:36:49','Administrator','added','service enabled','yes',NULL),(1536,'2014-09-23 16:36:49','Administrator','added','notes','',NULL),(1537,'2014-09-23 16:36:49','Administrator','added','notes URL','',NULL),(1538,'2014-09-23 16:36:49','Administrator','added','action URL','/pnp4nagios/graph?host=$HOSTNAME$&srv=$SERVICEDESC$',NULL),(1539,'2014-09-23 16:36:49','Administrator','added','max check attempts','',NULL),(1540,'2014-09-23 16:36:49','Administrator','added','check interval','',NULL),(1541,'2014-09-23 16:36:49','Administrator','added','retry interval','',NULL),(1542,'2014-09-23 16:36:49','Administrator','added','first notification delay','',NULL),(1543,'2014-09-23 16:36:49','Administrator','added','notification interval','',NULL),(1544,'2014-09-23 16:36:49','Administrator','added','notification options','',NULL),(1545,'2014-09-23 16:36:49','Administrator','added','active checking','',NULL),(1546,'2014-09-23 16:36:49','Administrator','added','passive checking','',NULL),(1547,'2014-09-23 16:36:49','Administrator','added','notification enabled','',NULL),(1548,'2014-09-23 16:36:49','Administrator','added','check freshness','',NULL),(1549,'2014-09-23 16:36:49','Administrator','added','freshness threshold','',NULL),(1550,'2014-09-23 16:36:49','Administrator','added','event-handler enabled','0',NULL),(1551,'2014-09-23 16:36:49','Administrator','added','params for check command','!check_nagios!',NULL),(1552,'2014-09-23 16:36:49','Administrator','assigned','check period','24x7',NULL),(1553,'2014-09-23 16:36:49','Administrator','assigned','notification period','24x7',NULL),(1554,'2014-09-23 16:36:49','Administrator','assigned','check command','check_nrpe',NULL),(1555,'2014-09-23 16:36:49','Administrator','created','service','nagiosdb: check_nagios',NULL),(1556,'2014-09-23 16:36:49','Administrator','added','service name','check_nagios',NULL),(1557,'2014-09-23 16:36:49','Administrator','added','service','nagiosdb: check_nagios',NULL),(1558,'2014-09-23 16:36:49','Administrator','added','service enabled','yes',NULL),(1559,'2014-09-23 16:36:49','Administrator','added','notes','',NULL),(1560,'2014-09-23 16:36:49','Administrator','added','notes URL','',NULL),(1561,'2014-09-23 16:36:49','Administrator','added','action URL','/pnp4nagios/graph?host=$HOSTNAME$&srv=$SERVICEDESC$',NULL),(1562,'2014-09-23 16:36:49','Administrator','added','max check attempts','',NULL),(1563,'2014-09-23 16:36:49','Administrator','added','check interval','',NULL),(1564,'2014-09-23 16:36:49','Administrator','added','retry interval','',NULL),(1565,'2014-09-23 16:36:49','Administrator','added','first notification delay','',NULL),(1566,'2014-09-23 16:36:49','Administrator','added','notification interval','',NULL),(1567,'2014-09-23 16:36:49','Administrator','added','notification options','',NULL),(1568,'2014-09-23 16:36:49','Administrator','added','active checking','',NULL),(1569,'2014-09-23 16:36:49','Administrator','added','passive checking','',NULL),(1570,'2014-09-23 16:36:49','Administrator','added','notification enabled','',NULL),(1571,'2014-09-23 16:36:49','Administrator','added','check freshness','',NULL),(1572,'2014-09-23 16:36:49','Administrator','added','freshness threshold','',NULL),(1573,'2014-09-23 16:36:49','Administrator','added','event-handler enabled','0',NULL),(1574,'2014-09-23 16:36:49','Administrator','added','params for check command','!check_nagios!',NULL),(1575,'2014-09-23 16:36:49','Administrator','assigned','check period','24x7',NULL),(1576,'2014-09-23 16:36:49','Administrator','assigned','notification period','24x7',NULL),(1577,'2014-09-23 16:36:49','Administrator','assigned','check command','check_nrpe',NULL),(1578,'2014-09-23 16:37:42','Administrator','general','config','generating...',NULL),(1579,'2014-09-23 16:37:42','Administrator','general','config','generated successfully',NULL),(1580,'2014-09-23 16:37:44','Administrator','module','deploy local','extract config locally (OK)',NULL),(1581,'2014-09-23 16:37:44','Administrator','module','deploy scp','scp upload collector config (OK)',NULL),(1582,'2014-09-23 16:37:44','Administrator','module','deploy scp','scp upload global config (OK)',NULL),(1583,'2014-09-25 13:01:38','Administrator','general','login','access granted (admin)',NULL),(1584,'2014-09-25 13:01:52','Administrator','removed','service','localhost: check_boot',NULL),(1585,'2014-09-25 13:01:52','Administrator','removed','service','localhost: check_cpu',NULL),(1586,'2014-09-25 13:01:52','Administrator','removed','service','localhost: check_mem',NULL),(1587,'2014-09-25 13:01:52','Administrator','removed','service','localhost: check_root',NULL),(1588,'2014-09-25 13:01:52','Administrator','removed','service','localhost: check_uptime',NULL),(1589,'2014-09-25 13:01:52','Administrator','removed','service','localhost: debian_updates',NULL),(1590,'2014-09-25 13:01:52','Administrator','removed','service','localhost: mysql_nconf',NULL),(1591,'2014-09-25 13:01:52','Administrator','removed','host','localhost',NULL),(1592,'2014-09-25 13:01:59','Administrator','general','config','generating...',NULL),(1593,'2014-09-25 13:02:00','Administrator','general','config','generated successfully',NULL),(1594,'2014-09-25 13:02:02','Administrator','module','deploy local','extract config locally (OK)',NULL),(1595,'2014-09-25 13:02:03','Administrator','module','deploy scp','scp upload collector config (OK)',NULL),(1596,'2014-09-25 13:02:03','Administrator','module','deploy scp','scp upload global config (OK)',NULL),(1597,'2014-09-25 13:02:52','Administrator','modified','e-mail address','dmartinez@alertlogic.com',5333),(1598,'2014-09-25 13:02:52','Administrator','modified','pager / phone nr.','',5333),(1599,'2014-09-25 13:02:52','Administrator','edited','contact','nagiosadmin',5333),(1600,'2014-09-25 13:02:55','Administrator','general','config','generating...',NULL),(1601,'2014-09-25 13:02:55','Administrator','general','config','generated successfully',NULL),(1602,'2014-09-25 13:02:57','Administrator','module','deploy local','extract config locally (OK)',NULL),(1603,'2014-09-25 13:02:57','Administrator','module','deploy scp','scp upload collector config (OK)',NULL),(1604,'2014-09-25 13:02:57','Administrator','module','deploy scp','scp upload global config (OK)',NULL),(1605,'2014-09-25 13:21:36','Administrator','assigned','parent hosts','macos',NULL),(1606,'2014-09-25 13:21:36','Administrator','edited','host','nagios2',NULL),(1607,'2014-09-25 13:22:03','Administrator','assigned','parent hosts','macos',NULL),(1608,'2014-09-25 13:22:03','Administrator','edited','host','nagiosdb',NULL),(1609,'2014-09-25 13:25:36','Administrator','created','host','router_cobre',NULL),(1610,'2014-09-25 13:25:36','Administrator','added','hostname','router_cobre',NULL),(1611,'2014-09-25 13:25:36','Administrator','added','alias','',NULL),(1612,'2014-09-25 13:25:36','Administrator','added','address','172.22.0.1',NULL),(1613,'2014-09-25 13:25:36','Administrator','assigned','OS','Router',NULL),(1614,'2014-09-25 13:25:37','Administrator','assigned','host preset','generic-switch',NULL),(1615,'2014-09-25 13:25:37','Administrator','assigned','monitored by','server',NULL),(1616,'2014-09-25 13:25:37','Administrator','added','host is collector','no',NULL),(1617,'2014-09-25 13:25:37','Administrator','assigned','check period','24x7',NULL),(1618,'2014-09-25 13:25:37','Administrator','assigned','notification period','24x7',NULL),(1619,'2014-09-25 13:25:37','Administrator','assigned','parent hosts','router mediacommerce',NULL),(1620,'2014-09-25 13:25:37','Administrator','added','notes','',NULL),(1621,'2014-09-25 13:25:37','Administrator','added','notes URL','',NULL),(1622,'2014-09-25 13:25:37','Administrator','added','action URL','/pnp4nagios/graph?host=$HOSTNAME$',NULL),(1623,'2014-09-25 13:25:37','Administrator','added','max check attempts','',NULL),(1624,'2014-09-25 13:25:37','Administrator','added','check interval','',NULL),(1625,'2014-09-25 13:25:37','Administrator','added','retry interval','',NULL),(1626,'2014-09-25 13:25:37','Administrator','added','first notification delay','',NULL),(1627,'2014-09-25 13:25:37','Administrator','added','notification interval','',NULL),(1628,'2014-09-25 13:25:37','Administrator','added','notification options','',NULL),(1629,'2014-09-25 13:25:37','Administrator','added','active checking','',NULL),(1630,'2014-09-25 13:25:37','Administrator','added','passive checking','',NULL),(1631,'2014-09-25 13:25:37','Administrator','added','notification enabled','',NULL),(1632,'2014-09-25 13:25:37','Administrator','added','check freshness','',NULL),(1633,'2014-09-25 13:25:37','Administrator','added','freshness threshold','',NULL),(1634,'2014-09-25 13:25:58','Administrator','modified','hostname','router epm',NULL),(1635,'2014-09-25 13:25:58','Administrator','modified','address','181.143.226.1',NULL),(1636,'2014-09-25 13:25:58','Administrator','edited','host','router epm',NULL),(1637,'2014-09-25 13:26:05','Administrator','general','config','generating...',NULL),(1638,'2014-09-25 13:26:05','Administrator','general','config','generate failed with syntax errors',NULL),(1639,'2014-09-25 13:26:22','Administrator','assigned','host template(s)','generic-switch',NULL),(1640,'2014-09-25 13:26:22','Administrator','edited','host','router_cobre',NULL),(1641,'2014-09-25 13:26:24','Administrator','general','config','generating...',NULL),(1642,'2014-09-25 13:26:24','Administrator','general','config','generated successfully',NULL),(1643,'2014-09-25 13:26:26','Administrator','module','deploy local','extract config locally (OK)',NULL),(1644,'2014-09-25 13:26:26','Administrator','module','deploy scp','scp upload collector config (OK)',NULL),(1645,'2014-09-25 13:26:27','Administrator','module','deploy scp','scp upload global config (OK)',NULL),(1646,'2014-09-25 13:26:57','Administrator','unassigned','parent hosts','router epm',NULL),(1647,'2014-09-25 13:26:57','Administrator','assigned','parent hosts','router_cobre',NULL),(1648,'2014-09-25 13:26:57','Administrator','edited','host','macos',NULL),(1649,'2014-09-25 13:26:59','Administrator','general','config','generating...',NULL),(1650,'2014-09-25 13:26:59','Administrator','general','config','generated successfully',NULL),(1651,'2014-09-25 13:27:32','Administrator','module','deploy local','extract config locally (OK)',NULL),(1652,'2014-09-25 13:27:32','Administrator','module','deploy scp','scp upload collector config (OK)',NULL),(1653,'2014-09-25 13:27:33','Administrator','module','deploy scp','scp upload global config (OK)',NULL),(1654,'2014-09-25 13:49:05','Administrator','created','host','router_wifi',NULL),(1655,'2014-09-25 13:49:05','Administrator','added','hostname','router_wifi',NULL),(1656,'2014-09-25 13:49:05','Administrator','added','alias','',NULL),(1657,'2014-09-25 13:49:05','Administrator','added','address','172.22.4.1',NULL),(1658,'2014-09-25 13:49:05','Administrator','added','host is collector','no',NULL),(1659,'2014-09-25 13:49:05','Administrator','added','notes','',NULL),(1660,'2014-09-25 13:49:05','Administrator','added','notes URL','',NULL),(1661,'2014-09-25 13:49:05','Administrator','added','action URL','/pnp4nagios/graph?host=$HOSTNAME$',NULL),(1662,'2014-09-25 13:49:05','Administrator','added','max check attempts','',NULL),(1663,'2014-09-25 13:49:05','Administrator','added','check interval','',NULL),(1664,'2014-09-25 13:49:05','Administrator','added','retry interval','',NULL),(1665,'2014-09-25 13:49:05','Administrator','added','first notification delay','',NULL),(1666,'2014-09-25 13:49:05','Administrator','added','notification interval','',NULL),(1667,'2014-09-25 13:49:05','Administrator','added','notification options','',NULL),(1668,'2014-09-25 13:49:05','Administrator','added','active checking','',NULL),(1669,'2014-09-25 13:49:05','Administrator','added','passive checking','',NULL),(1670,'2014-09-25 13:49:05','Administrator','added','notification enabled','',NULL),(1671,'2014-09-25 13:49:05','Administrator','added','check freshness','',NULL),(1672,'2014-09-25 13:49:05','Administrator','added','freshness threshold','',NULL),(1673,'2014-09-25 13:49:05','Administrator','assigned','parent hosts','router_wifi',NULL),(1674,'2014-09-25 13:49:05','Administrator','assigned','OS','Router',NULL),(1675,'2014-09-25 13:49:05','Administrator','assigned','check period','24x7',NULL),(1676,'2014-09-25 13:49:05','Administrator','assigned','notification period','24x7',NULL),(1677,'2014-09-25 13:49:05','Administrator','assigned','monitored by','server',NULL),(1678,'2014-09-25 13:49:05','Administrator','assigned','host preset','generic-switch',NULL),(1679,'2014-09-25 13:49:05','Administrator','assigned','host template(s)','generic-switch',NULL),(1680,'2014-09-25 13:51:39','Administrator','general','config','generating...',NULL),(1681,'2014-09-25 13:51:39','Administrator','general','config','generated successfully',NULL),(1682,'2014-09-25 13:51:53','Administrator','assigned','parent hosts','router epm',NULL),(1683,'2014-09-25 13:51:53','Administrator','edited','host','router_wifi',NULL),(1684,'2014-09-25 13:52:08','Administrator','general','config','generating...',NULL),(1685,'2014-09-25 13:52:08','Administrator','general','config','generated successfully',NULL),(1686,'2014-09-25 13:52:10','Administrator','module','deploy local','extract config locally (OK)',NULL),(1687,'2014-09-25 13:52:10','Administrator','module','deploy scp','scp upload collector config (OK)',NULL),(1688,'2014-09-25 13:52:11','Administrator','module','deploy scp','scp upload global config (OK)',NULL),(1689,'2014-09-27 14:32:58','Administrator','general','login','access granted (admin)',NULL),(1690,'2014-09-27 19:39:02','Administrator','general','login','access granted (admin)',NULL),(1691,'2014-09-27 19:39:13','Administrator','removed','service','macos: check_ping',NULL),(1692,'2014-09-27 19:39:14','Administrator','removed','host','macos',NULL),(1693,'2014-09-27 19:40:02','Administrator','modified','hostname','nagios1.dmci.co',5402),(1694,'2014-09-27 19:40:02','Administrator','modified','alias','nagios1.dmci.co',5402),(1695,'2014-09-27 19:40:02','Administrator','modified','address','162.246.17.38',5402),(1696,'2014-09-27 19:40:03','Administrator','assigned','parent hosts','google.com',5402),(1697,'2014-09-27 19:40:03','Administrator','edited','host','nagios1.dmci.co',5402),(1698,'2014-09-27 19:40:09','Administrator','removed','service','nagios2: check_boot',NULL),(1699,'2014-09-27 19:40:09','Administrator','removed','service','nagios2: check_cpu',NULL),(1700,'2014-09-27 19:40:09','Administrator','removed','service','nagios2: check_mem',NULL),(1701,'2014-09-27 19:40:09','Administrator','removed','service','nagios2: check_nagios',NULL),(1702,'2014-09-27 19:40:09','Administrator','removed','service','nagios2: check_root',NULL),(1703,'2014-09-27 19:40:09','Administrator','removed','service','nagios2: check_uptime',NULL),(1704,'2014-09-27 19:40:09','Administrator','removed','service','nagios2: debian_updates',NULL),(1705,'2014-09-27 19:40:09','Administrator','removed','service','nagios2: mysql_nconf',NULL),(1706,'2014-09-27 19:40:09','Administrator','removed','host','nagios2',NULL),(1707,'2014-09-27 19:40:17','Administrator','removed','service','nagiosdb: check_boot',NULL),(1708,'2014-09-27 19:40:17','Administrator','removed','service','nagiosdb: check_cpu',NULL),(1709,'2014-09-27 19:40:17','Administrator','removed','service','nagiosdb: check_mem',NULL),(1710,'2014-09-27 19:40:17','Administrator','removed','service','nagiosdb: check_nagios',NULL),(1711,'2014-09-27 19:40:17','Administrator','removed','service','nagiosdb: check_root',NULL),(1712,'2014-09-27 19:40:17','Administrator','removed','service','nagiosdb: check_uptime',NULL),(1713,'2014-09-27 19:40:17','Administrator','removed','service','nagiosdb: debian_updates',NULL),(1714,'2014-09-27 19:40:17','Administrator','removed','service','nagiosdb: mysql_nconf',NULL),(1715,'2014-09-27 19:40:17','Administrator','removed','host','nagiosdb',NULL),(1716,'2014-09-27 19:40:28','Administrator','removed','service','router epm: check_ping',NULL),(1717,'2014-09-27 19:40:28','Administrator','removed','host','router epm',NULL),(1718,'2014-09-27 19:40:53','Administrator','modified','address','127.0.0.1',5402),(1719,'2014-09-27 19:40:53','Administrator','edited','host','nagios1.dmci.co',5402),(1720,'2014-09-27 19:41:02','Administrator','general','config','generating...',NULL),(1721,'2014-09-27 19:41:03','Administrator','general','config','generated successfully',NULL),(1722,'2014-09-27 19:41:05','Administrator','module','deploy local','extract config (OK)',NULL),(1723,'2014-09-27 19:41:05','Administrator','module','deploy local','copy collector config (OK)',NULL),(1724,'2014-09-27 19:41:05','Administrator','module','deploy local','copy global config (OK)',NULL),(1725,'2014-09-27 20:22:43','Administrator','general','login','access granted (admin)',NULL),(1726,'2014-09-27 20:23:23','Administrator','removed','service','nagios1.dmci.co: check_boot',5402),(1727,'2014-09-27 20:23:26','Administrator','general','config','generating...',NULL),(1728,'2014-09-27 20:23:27','Administrator','general','config','generated successfully',NULL),(1729,'2014-09-27 20:23:28','Administrator','module','deploy local','extract config (OK)',NULL),(1730,'2014-09-27 20:23:28','Administrator','module','deploy local','copy collector config (OK)',NULL),(1731,'2014-09-27 20:23:29','Administrator','module','deploy local','copy global config (OK)',NULL),(1732,'2014-09-27 20:30:29','Administrator','modified','hostname','router_vps',NULL),(1733,'2014-09-27 20:30:29','Administrator','modified','address','66.23.228.58',NULL),(1734,'2014-09-27 20:30:29','Administrator','assigned','parent hosts','google.com',NULL),(1735,'2014-09-27 20:30:29','Administrator','edited','host','router_vps',NULL),(1736,'2014-09-27 20:30:35','Administrator','removed','host','router_wifi',NULL),(1737,'2014-09-27 20:31:14','Administrator','unassigned','parent hosts','google.com',5402),(1738,'2014-09-27 20:31:14','Administrator','assigned','parent hosts','router_vps',5402),(1739,'2014-09-27 20:31:14','Administrator','edited','host','nagios1.dmci.co',5402),(1740,'2014-09-27 20:31:28','Administrator','created','service','router_vps: check_ping',NULL),(1741,'2014-09-27 20:31:28','Administrator','added','service name','check_ping',NULL),(1742,'2014-09-27 20:31:28','Administrator','added','service','router_vps: check_ping',NULL),(1743,'2014-09-27 20:31:28','Administrator','added','params for check command','!3000.0,80%!5000.0,100%',NULL),(1744,'2014-09-27 20:31:28','Administrator','assigned','check period','24x7',NULL),(1745,'2014-09-27 20:31:28','Administrator','assigned','notification period','24x7',NULL),(1746,'2014-09-27 20:31:28','Administrator','added','notes','',NULL),(1747,'2014-09-27 20:31:28','Administrator','added','notes URL','',NULL),(1748,'2014-09-27 20:31:28','Administrator','added','action URL','/pnp4nagios/graph?host=$HOSTNAME$&srv=$SERVICEDESC$',NULL),(1749,'2014-09-27 20:31:28','Administrator','added','service enabled','yes',NULL),(1750,'2014-09-27 20:31:28','Administrator','added','max check attempts','',NULL),(1751,'2014-09-27 20:31:28','Administrator','added','check interval','',NULL),(1752,'2014-09-27 20:31:28','Administrator','added','retry interval','',NULL),(1753,'2014-09-27 20:31:28','Administrator','added','first notification delay','',NULL),(1754,'2014-09-27 20:31:28','Administrator','added','notification interval','',NULL),(1755,'2014-09-27 20:31:28','Administrator','added','notification options','',NULL),(1756,'2014-09-27 20:31:29','Administrator','added','active checking','',NULL),(1757,'2014-09-27 20:31:29','Administrator','added','passive checking','',NULL),(1758,'2014-09-27 20:31:29','Administrator','added','notification enabled','',NULL),(1759,'2014-09-27 20:31:29','Administrator','added','check freshness','',NULL),(1760,'2014-09-27 20:31:29','Administrator','added','freshness threshold','',NULL),(1761,'2014-09-27 20:31:29','Administrator','added','event-handler enabled','0',NULL),(1762,'2014-09-27 20:31:49','Administrator','assigned','service template(s)','generic-service',NULL),(1763,'2014-09-27 20:31:49','Administrator','edited','service','router_vps: check_ping',NULL),(1764,'2014-09-27 20:31:54','Administrator','general','config','generating...',NULL),(1765,'2014-09-27 20:31:55','Administrator','general','config','generated successfully',NULL),(1766,'2014-09-27 20:31:56','Administrator','module','deploy local','extract config (OK)',NULL),(1767,'2014-09-27 20:31:56','Administrator','module','deploy local','copy collector config (OK)',NULL),(1768,'2014-09-27 20:31:57','Administrator','module','deploy local','copy global config (OK)',NULL),(1769,'2014-09-27 20:34:03','Administrator','modified','e-mail address','dorancemc@gmail.com',5333),(1770,'2014-09-27 20:34:03','Administrator','edited','contact','nagiosadmin',5333),(1771,'2014-09-27 20:34:07','Administrator','general','config','generating...',NULL),(1772,'2014-09-27 20:34:07','Administrator','general','config','generated successfully',NULL),(1773,'2014-09-27 20:34:09','Administrator','module','deploy local','extract config (OK)',NULL),(1774,'2014-09-27 20:34:09','Administrator','module','deploy local','copy collector config (OK)',NULL),(1775,'2014-09-27 20:34:09','Administrator','module','deploy local','copy global config (OK)',NULL),(1776,'2014-10-27 15:52:58','unknown','general','login','access denied (user: admin)',NULL),(1777,'2014-10-29 16:29:03','unknown','general','login','access denied (user: admin)',NULL),(1778,'2014-10-29 16:29:05','Administrator','general','login','access granted (admin)',NULL),(1779,'2014-10-29 16:29:19','Administrator','removed','service','router_vps: check_ping',NULL),(1780,'2014-10-29 16:29:20','Administrator','removed','host','router_vps',NULL),(1781,'2014-10-29 16:29:35','Administrator','modified','hostname','localhos',5402),(1782,'2014-10-29 16:29:35','Administrator','modified','alias','localhost',5402),(1783,'2014-10-29 16:29:35','Administrator','edited','host','localhos',5402),(1784,'2014-10-29 16:29:43','Administrator','modified','hostname','localhost',5402),(1785,'2014-10-29 16:29:43','Administrator','edited','host','localhost',5402),(1786,'2014-10-29 16:29:48','Administrator','general','config','generating...',NULL),(1787,'2014-10-29 16:29:49','Administrator','general','config','generated successfully',NULL),(1788,'2014-10-29 16:29:52','Administrator','module','deploy local','extract config (OK)',NULL),(1789,'2014-10-29 16:29:52','Administrator','module','deploy local','copy collector config (OK)',NULL),(1790,'2014-10-29 16:29:53','Administrator','module','deploy local','copy global config (OK)',NULL);
/*!40000 ALTER TABLE `History` ENABLE KEYS */;
UNLOCK TABLES;

--
-- Table structure for table `ItemLinks`
--

DROP TABLE IF EXISTS `ItemLinks`;
/*!40101 SET @saved_cs_client     = @@character_set_client */;
/*!40101 SET character_set_client = utf8 */;
CREATE TABLE `ItemLinks` (
  `fk_id_item` int(10) unsigned NOT NULL DEFAULT '0',
  `fk_item_linked2` int(10) unsigned NOT NULL DEFAULT '0',
  `fk_id_attr` int(10) unsigned NOT NULL DEFAULT '0',
  `cust_order` int(11) NOT NULL DEFAULT '0',
  PRIMARY KEY (`fk_id_item`,`fk_item_linked2`,`fk_id_attr`),
  KEY `fk_item_linked2` (`fk_item_linked2`),
  KEY `fk_id_attr` (`fk_id_attr`),
  CONSTRAINT `ItemLinks_ibfk_1` FOREIGN KEY (`fk_id_item`) REFERENCES `ConfigItems` (`id_item`) ON DELETE CASCADE ON UPDATE CASCADE,
  CONSTRAINT `ItemLinks_ibfk_2` FOREIGN KEY (`fk_item_linked2`) REFERENCES `ConfigItems` (`id_item`) ON DELETE CASCADE ON UPDATE CASCADE,
  CONSTRAINT `ItemLinks_ibfk_3` FOREIGN KEY (`fk_id_attr`) REFERENCES `ConfigAttrs` (`id_attr`) ON DELETE CASCADE ON UPDATE CASCADE
) ENGINE=InnoDB DEFAULT CHARSET=latin1;
/*!40101 SET character_set_client = @saved_cs_client */;

--
-- Dumping data for table `ItemLinks`
--

LOCK TABLES `ItemLinks` WRITE;
/*!40000 ALTER TABLE `ItemLinks` DISABLE KEYS */;
INSERT INTO `ItemLinks` VALUES (5231,5331,81,0),(5258,5331,81,0),(5259,5331,81,0),(5276,5331,81,0),(5333,5305,49,0),(5333,5305,50,0),(5333,5327,53,0),(5333,5328,54,0),(5333,5334,59,0),(5335,5305,111,0),(5335,5305,112,0),(5335,5331,113,0),(5336,5305,111,0),(5336,5305,112,0),(5336,5331,113,0),(5336,5334,115,0),(5336,5335,114,1),(5337,5305,111,0),(5337,5305,112,0),(5337,5331,113,0),(5337,5334,115,0),(5337,5335,114,1),(5338,5305,111,0),(5338,5306,112,0),(5338,5331,113,0),(5338,5334,115,0),(5338,5335,114,1),(5339,5305,111,0),(5339,5305,112,0),(5339,5331,113,0),(5339,5334,115,0),(5339,5335,114,1),(5348,5305,132,0),(5348,5305,133,0),(5348,5334,135,0),(5349,5348,134,1),(5373,5348,178,0),(5376,5348,178,0),(5380,5348,178,0),(5388,5387,81,0),(5389,1,26,0),(5389,5,18,0),(5389,5305,19,0),(5389,5305,20,0),(5389,5335,149,0),(5389,5388,75,0),(5390,5305,63,0),(5390,5305,64,0),(5390,5317,61,0),(5390,5348,150,0),(5390,5389,62,0),(5392,5305,63,0),(5392,5305,64,0),(5392,5348,150,0),(5392,5389,62,0),(5392,5391,61,0),(5393,5305,63,0),(5393,5305,64,0),(5393,5348,150,0),(5393,5389,62,0),(5393,5391,61,0),(5394,5305,63,0),(5394,5305,64,0),(5394,5348,150,0),(5394,5389,62,0),(5394,5391,61,0),(5396,5305,63,0),(5396,5305,64,0),(5396,5348,150,0),(5396,5389,62,0),(5396,5395,61,0),(5397,1,26,0),(5397,5,18,0),(5397,5305,19,0),(5397,5305,20,0),(5397,5335,149,0),(5397,5388,75,0),(5400,1,26,0),(5400,5,18,0),(5400,5231,75,0),(5400,5305,19,0),(5400,5305,20,0),(5400,5335,149,0),(5401,5305,63,0),(5401,5305,64,0),(5401,5320,61,0),(5401,5348,150,0),(5401,5400,62,0),(5402,1,26,0),(5402,5,18,0),(5402,5231,75,0),(5402,5336,149,1),(5402,5347,29,0),(5403,5305,63,0),(5403,5305,64,0),(5403,5373,61,0),(5403,5402,62,0),(5404,5305,63,0),(5404,5305,64,0),(5404,5376,61,0),(5404,5402,62,0),(5406,5305,63,0),(5406,5305,64,0),(5406,5380,61,0),(5406,5402,62,0),(5407,5305,63,0),(5407,5305,64,0),(5407,5373,61,0),(5407,5402,62,0),(5408,5305,63,0),(5408,5305,64,0),(5408,5373,61,0),(5408,5402,62,0),(5409,5305,63,0),(5409,5305,64,0),(5409,5373,61,0),(5409,5402,62,0),(5426,5305,63,0),(5426,5305,64,0),(5426,5373,61,0),(5426,5402,62,0);
/*!40000 ALTER TABLE `ItemLinks` ENABLE KEYS */;
UNLOCK TABLES;
/*!40103 SET TIME_ZONE=@OLD_TIME_ZONE */;

/*!40101 SET SQL_MODE=@OLD_SQL_MODE */;
/*!40014 SET FOREIGN_KEY_CHECKS=@OLD_FOREIGN_KEY_CHECKS */;
/*!40014 SET UNIQUE_CHECKS=@OLD_UNIQUE_CHECKS */;
/*!40101 SET CHARACTER_SET_CLIENT=@OLD_CHARACTER_SET_CLIENT */;
/*!40101 SET CHARACTER_SET_RESULTS=@OLD_CHARACTER_SET_RESULTS */;
/*!40101 SET COLLATION_CONNECTION=@OLD_COLLATION_CONNECTION */;
/*!40111 SET SQL_NOTES=@OLD_SQL_NOTES */;

-- Dump completed on 2014-10-29 17:30:54
